ISO-10303-21;
HEADER;
FILE_DESCRIPTION(('Open CASCADE Model'),'2;1');
FILE_NAME('Open CASCADE Shape Model','2026-07-12T07:50:02',('Author'),(
    'Open CASCADE'),'Open CASCADE STEP processor 7.9','Open CASCADE 7.9'
  ,'Unknown');
FILE_SCHEMA(('AUTOMOTIVE_DESIGN { 1 0 10303 214 1 1 1 1 }'));
ENDSEC;
DATA;
#1 = APPLICATION_PROTOCOL_DEFINITION('international standard',
  'automotive_design',2000,#2);
#2 = APPLICATION_CONTEXT(
  'core data for automotive mechanical design processes');
#3 = SHAPE_DEFINITION_REPRESENTATION(#4,#10);
#4 = PRODUCT_DEFINITION_SHAPE('','',#5);
#5 = PRODUCT_DEFINITION('design','',#6,#9);
#6 = PRODUCT_DEFINITION_FORMATION('','',#7);
#7 = PRODUCT('Open CASCADE STEP translator 7.9 2',
  'Open CASCADE STEP translator 7.9 2','',(#8));
#8 = PRODUCT_CONTEXT('',#2,'mechanical');
#9 = PRODUCT_DEFINITION_CONTEXT('part definition',#2,'design');
#10 = ADVANCED_BREP_SHAPE_REPRESENTATION('',(#11,#15),#4987);
#11 = AXIS2_PLACEMENT_3D('',#12,#13,#14);
#12 = CARTESIAN_POINT('',(0.,0.,0.));
#13 = DIRECTION('',(0.,0.,1.));
#14 = DIRECTION('',(1.,0.,-0.));
#15 = MANIFOLD_SOLID_BREP('',#16);
#16 = CLOSED_SHELL('',(#17,#137,#218,#299,#635,#685,#743,#1136,#1446,
    #1473,#1522,#1572,#1621,#1669,#2041,#2169,#2240,#2289,#2338,#2365,
    #2437,#2486,#2536,#2652,#2679,#2704,#2953,#2980,#3030,#3077,#3127,
    #3152,#3179,#3206,#3233,#3240,#3267,#3294,#3321,#3328,#3400,#3449,
    #3477,#3527,#3574,#3624,#3649,#3757,#3804,#3880,#4103,#4158,#4213,
    #4268,#4323,#4486,#4493,#4519,#4546,#4552,#4578,#4605,#4611,#4646,
    #4681,#4716,#4751,#4806,#4861,#4916,#4971,#4975,#4979,#4983));
#17 = ADVANCED_FACE('',(#18),#32,.F.);
#18 = FACE_BOUND('',#19,.F.);
#19 = EDGE_LOOP('',(#20,#55,#83,#111));
#20 = ORIENTED_EDGE('',*,*,#21,.F.);
#21 = EDGE_CURVE('',#22,#24,#26,.T.);
#22 = VERTEX_POINT('',#23);
#23 = CARTESIAN_POINT('',(-91.5,13.336107005504,-24.55933768113));
#24 = VERTEX_POINT('',#25);
#25 = CARTESIAN_POINT('',(-91.5,17.993328879821,-2.648831424696));
#26 = SURFACE_CURVE('',#27,(#31,#43),.PCURVE_S1.);
#27 = LINE('',#28,#29);
#28 = CARTESIAN_POINT('',(-91.5,13.336107005504,-24.55933768113));
#29 = VECTOR('',#30,1.);
#30 = DIRECTION('',(0.,0.207911690818,0.978147600734));
#31 = PCURVE('',#32,#37);
#32 = PLANE('',#33);
#33 = AXIS2_PLACEMENT_3D('',#34,#35,#36);
#34 = CARTESIAN_POINT('',(-91.5,6.,-23.));
#35 = DIRECTION('',(1.,0.,0.));
#36 = DIRECTION('',(0.,0.207911690818,0.978147600734));
#37 = DEFINITIONAL_REPRESENTATION('',(#38),#42);
#38 = LINE('',#39,#40);
#39 = CARTESIAN_POINT('',(1.33226762955E-15,-7.5));
#40 = VECTOR('',#41,1.);
#41 = DIRECTION('',(1.,0.));
#42 = ( GEOMETRIC_REPRESENTATION_CONTEXT(2) 
PARAMETRIC_REPRESENTATION_CONTEXT() REPRESENTATION_CONTEXT('2D SPACE',''
  ) );
#43 = PCURVE('',#44,#49);
#44 = CYLINDRICAL_SURFACE('',#45,7.5);
#45 = AXIS2_PLACEMENT_3D('',#46,#47,#48);
#46 = CARTESIAN_POINT('',(-84.,13.336107005504,-24.55933768113));
#47 = DIRECTION('',(0.,0.207911690818,0.978147600734));
#48 = DIRECTION('',(-1.,0.,0.));
#49 = DEFINITIONAL_REPRESENTATION('',(#50),#54);
#50 = LINE('',#51,#52);
#51 = CARTESIAN_POINT('',(0.,0.));
#52 = VECTOR('',#53,1.);
#53 = DIRECTION('',(0.,1.));
#54 = ( GEOMETRIC_REPRESENTATION_CONTEXT(2) 
PARAMETRIC_REPRESENTATION_CONTEXT() REPRESENTATION_CONTEXT('2D SPACE',''
  ) );
#55 = ORIENTED_EDGE('',*,*,#56,.T.);
#56 = EDGE_CURVE('',#22,#57,#59,.T.);
#57 = VERTEX_POINT('',#58);
#58 = CARTESIAN_POINT('',(-91.5,112.12901467961,-45.55841845372));
#59 = SURFACE_CURVE('',#60,(#64,#71),.PCURVE_S1.);
#60 = LINE('',#61,#62);
#61 = CARTESIAN_POINT('',(-91.5,6.,-23.));
#62 = VECTOR('',#63,1.);
#63 = DIRECTION('',(0.,0.978147600734,-0.207911690818));
#64 = PCURVE('',#32,#65);
#65 = DEFINITIONAL_REPRESENTATION('',(#66),#70);
#66 = LINE('',#67,#68);
#67 = CARTESIAN_POINT('',(0.,0.));
#68 = VECTOR('',#69,1.);
#69 = DIRECTION('',(0.,-1.));
#70 = ( GEOMETRIC_REPRESENTATION_CONTEXT(2) 
PARAMETRIC_REPRESENTATION_CONTEXT() REPRESENTATION_CONTEXT('2D SPACE',''
  ) );
#71 = PCURVE('',#72,#77);
#72 = PLANE('',#73);
#73 = AXIS2_PLACEMENT_3D('',#74,#75,#76);
#74 = CARTESIAN_POINT('',(-91.5,6.,-23.));
#75 = DIRECTION('',(0.,0.207911690818,0.978147600734));
#76 = DIRECTION('',(1.,0.,0.));
#77 = DEFINITIONAL_REPRESENTATION('',(#78),#82);
#78 = LINE('',#79,#80);
#79 = CARTESIAN_POINT('',(0.,0.));
#80 = VECTOR('',#81,1.);
#81 = DIRECTION('',(0.,1.));
#82 = ( GEOMETRIC_REPRESENTATION_CONTEXT(2) 
PARAMETRIC_REPRESENTATION_CONTEXT() REPRESENTATION_CONTEXT('2D SPACE',''
  ) );
#83 = ORIENTED_EDGE('',*,*,#84,.T.);
#84 = EDGE_CURVE('',#57,#85,#87,.T.);
#85 = VERTEX_POINT('',#86);
#86 = CARTESIAN_POINT('',(-91.5,116.78623655393,-23.64791219729));
#87 = SURFACE_CURVE('',#88,(#92,#99),.PCURVE_S1.);
#88 = LINE('',#89,#90);
#89 = CARTESIAN_POINT('',(-91.5,112.12901467961,-45.55841845372));
#90 = VECTOR('',#91,1.);
#91 = DIRECTION('',(0.,0.207911690818,0.978147600734));
#92 = PCURVE('',#32,#93);
#93 = DEFINITIONAL_REPRESENTATION('',(#94),#98);
#94 = LINE('',#95,#96);
#95 = CARTESIAN_POINT('',(0.,-108.5));
#96 = VECTOR('',#97,1.);
#97 = DIRECTION('',(1.,0.));
#98 = ( GEOMETRIC_REPRESENTATION_CONTEXT(2) 
PARAMETRIC_REPRESENTATION_CONTEXT() REPRESENTATION_CONTEXT('2D SPACE',''
  ) );
#99 = PCURVE('',#100,#105);
#100 = CYLINDRICAL_SURFACE('',#101,7.5);
#101 = AXIS2_PLACEMENT_3D('',#102,#103,#104);
#102 = CARTESIAN_POINT('',(-84.,112.12901467961,-45.55841845372));
#103 = DIRECTION('',(0.,0.207911690818,0.978147600734));
#104 = DIRECTION('',(-1.,0.,0.));
#105 = DEFINITIONAL_REPRESENTATION('',(#106),#110);
#106 = LINE('',#107,#108);
#107 = CARTESIAN_POINT('',(-0.,0.));
#108 = VECTOR('',#109,1.);
#109 = DIRECTION('',(-0.,1.));
#110 = ( GEOMETRIC_REPRESENTATION_CONTEXT(2) 
PARAMETRIC_REPRESENTATION_CONTEXT() REPRESENTATION_CONTEXT('2D SPACE',''
  ) );
#111 = ORIENTED_EDGE('',*,*,#112,.F.);
#112 = EDGE_CURVE('',#24,#85,#113,.T.);
#113 = SURFACE_CURVE('',#114,(#118,#125),.PCURVE_S1.);
#114 = LINE('',#115,#116);
#115 = CARTESIAN_POINT('',(-91.5,17.993328879821,-2.648831424696));
#116 = VECTOR('',#117,1.);
#117 = DIRECTION('',(0.,0.978147600734,-0.207911690818));
#118 = PCURVE('',#32,#119);
#119 = DEFINITIONAL_REPRESENTATION('',(#120),#124);
#120 = LINE('',#121,#122);
#121 = CARTESIAN_POINT('',(22.4,-7.5));
#122 = VECTOR('',#123,1.);
#123 = DIRECTION('',(0.,-1.));
#124 = ( GEOMETRIC_REPRESENTATION_CONTEXT(2) 
PARAMETRIC_REPRESENTATION_CONTEXT() REPRESENTATION_CONTEXT('2D SPACE',''
  ) );
#125 = PCURVE('',#126,#131);
#126 = PLANE('',#127);
#127 = AXIS2_PLACEMENT_3D('',#128,#129,#130);
#128 = CARTESIAN_POINT('',(-91.2,18.055702387067,-2.355387144476));
#129 = DIRECTION('',(0.707106781187,-0.147015766465,-0.69165480148));
#130 = DIRECTION('',(0.,0.978147600734,-0.207911690818));
#131 = DEFINITIONAL_REPRESENTATION('',(#132),#136);
#132 = LINE('',#133,#134);
#133 = CARTESIAN_POINT('',(-5.11396480718E-15,-0.424264068712));
#134 = VECTOR('',#135,1.);
#135 = DIRECTION('',(1.,2.775557561563E-17));
#136 = ( GEOMETRIC_REPRESENTATION_CONTEXT(2) 
PARAMETRIC_REPRESENTATION_CONTEXT() REPRESENTATION_CONTEXT('2D SPACE',''
  ) );
#137 = ADVANCED_FACE('',(#138),#44,.T.);
#138 = FACE_BOUND('',#139,.T.);
#139 = EDGE_LOOP('',(#140,#169,#170,#194));
#140 = ORIENTED_EDGE('',*,*,#141,.T.);
#141 = EDGE_CURVE('',#142,#24,#144,.T.);
#142 = VERTEX_POINT('',#143);
#143 = CARTESIAN_POINT('',(-85.5,10.805441335045,-1.120998762508));
#144 = SURFACE_CURVE('',#145,(#150,#157),.PCURVE_S1.);
#145 = CIRCLE('',#146,7.5);
#146 = AXIS2_PLACEMENT_3D('',#147,#148,#149);
#147 = CARTESIAN_POINT('',(-84.,17.993328879821,-2.648831424696));
#148 = DIRECTION('',(-0.,-0.207911690818,-0.978147600734));
#149 = DIRECTION('',(0.,-0.978147600734,0.207911690818));
#150 = PCURVE('',#44,#151);
#151 = DEFINITIONAL_REPRESENTATION('',(#152),#156);
#152 = LINE('',#153,#154);
#153 = CARTESIAN_POINT('',(1.570796326795,22.4));
#154 = VECTOR('',#155,1.);
#155 = DIRECTION('',(-1.,-0.));
#156 = ( GEOMETRIC_REPRESENTATION_CONTEXT(2) 
PARAMETRIC_REPRESENTATION_CONTEXT() REPRESENTATION_CONTEXT('2D SPACE',''
  ) );
#157 = PCURVE('',#158,#163);
#158 = CONICAL_SURFACE('',#159,7.5,0.785398163397);
#159 = AXIS2_PLACEMENT_3D('',#160,#161,#162);
#160 = CARTESIAN_POINT('',(-84.,17.993328879821,-2.648831424696));
#161 = DIRECTION('',(-0.,-0.207911690818,-0.978147600734));
#162 = DIRECTION('',(0.,-0.978147600734,0.207911690818));
#163 = DEFINITIONAL_REPRESENTATION('',(#164),#168);
#164 = LINE('',#165,#166);
#165 = CARTESIAN_POINT('',(0.,-0.));
#166 = VECTOR('',#167,1.);
#167 = DIRECTION('',(1.,-0.));
#168 = ( GEOMETRIC_REPRESENTATION_CONTEXT(2) 
PARAMETRIC_REPRESENTATION_CONTEXT() REPRESENTATION_CONTEXT('2D SPACE',''
  ) );
#169 = ORIENTED_EDGE('',*,*,#21,.F.);
#170 = ORIENTED_EDGE('',*,*,#171,.T.);
#171 = EDGE_CURVE('',#22,#172,#174,.T.);
#172 = VERTEX_POINT('',#173);
#173 = CARTESIAN_POINT('',(-85.5,6.148219460727,-23.03150501894));
#174 = SURFACE_CURVE('',#175,(#180,#187),.PCURVE_S1.);
#175 = CIRCLE('',#176,7.5);
#176 = AXIS2_PLACEMENT_3D('',#177,#178,#179);
#177 = CARTESIAN_POINT('',(-84.,13.336107005504,-24.55933768113));
#178 = DIRECTION('',(-0.,0.207911690818,0.978147600734));
#179 = DIRECTION('',(0.,-0.978147600734,0.207911690818));
#180 = PCURVE('',#44,#181);
#181 = DEFINITIONAL_REPRESENTATION('',(#182),#186);
#182 = LINE('',#183,#184);
#183 = CARTESIAN_POINT('',(-4.712388980385,0.));
#184 = VECTOR('',#185,1.);
#185 = DIRECTION('',(1.,0.));
#186 = ( GEOMETRIC_REPRESENTATION_CONTEXT(2) 
PARAMETRIC_REPRESENTATION_CONTEXT() REPRESENTATION_CONTEXT('2D SPACE',''
  ) );
#187 = PCURVE('',#72,#188);
#188 = DEFINITIONAL_REPRESENTATION('',(#189),#193);
#189 = CIRCLE('',#190,7.5);
#190 = AXIS2_PLACEMENT_2D('',#191,#192);
#191 = CARTESIAN_POINT('',(7.5,7.5));
#192 = DIRECTION('',(0.,-1.));
#193 = ( GEOMETRIC_REPRESENTATION_CONTEXT(2) 
PARAMETRIC_REPRESENTATION_CONTEXT() REPRESENTATION_CONTEXT('2D SPACE',''
  ) );
#194 = ORIENTED_EDGE('',*,*,#195,.T.);
#195 = EDGE_CURVE('',#172,#142,#196,.T.);
#196 = SURFACE_CURVE('',#197,(#201,#207),.PCURVE_S1.);
#197 = LINE('',#198,#199);
#198 = CARTESIAN_POINT('',(-85.5,6.148219460727,-23.03150501894));
#199 = VECTOR('',#200,1.);
#200 = DIRECTION('',(0.,0.207911690818,0.978147600734));
#201 = PCURVE('',#44,#202);
#202 = DEFINITIONAL_REPRESENTATION('',(#203),#206);
#203 = B_SPLINE_CURVE_WITH_KNOTS('',1,(#204,#205),.UNSPECIFIED.,.F.,.F.,
  (2,2),(-6.000000004123E-07,22.4000006),.PIECEWISE_BEZIER_KNOTS.);
#204 = CARTESIAN_POINT('',(1.369438406005,-6.000000006343E-07));
#205 = CARTESIAN_POINT('',(1.369438406005,22.4000006));
#206 = ( GEOMETRIC_REPRESENTATION_CONTEXT(2) 
PARAMETRIC_REPRESENTATION_CONTEXT() REPRESENTATION_CONTEXT('2D SPACE',''
  ) );
#207 = PCURVE('',#208,#213);
#208 = PLANE('',#209);
#209 = AXIS2_PLACEMENT_3D('',#210,#211,#212);
#210 = CARTESIAN_POINT('',(-85.5,4.758875322087,-37.62447225038));
#211 = DIRECTION('',(1.,0.,0.));
#212 = DIRECTION('',(-0.,0.,1.));
#213 = DEFINITIONAL_REPRESENTATION('',(#214),#217);
#214 = B_SPLINE_CURVE_WITH_KNOTS('',1,(#215,#216),.UNSPECIFIED.,.F.,.F.,
  (2,2),(-6.000000004123E-07,22.4000006),.PIECEWISE_BEZIER_KNOTS.);
#215 = CARTESIAN_POINT('',(14.592966644555,-1.389344013893));
#216 = CARTESIAN_POINT('',(36.503474074769,-6.046566137705));
#217 = ( GEOMETRIC_REPRESENTATION_CONTEXT(2) 
PARAMETRIC_REPRESENTATION_CONTEXT() REPRESENTATION_CONTEXT('2D SPACE',''
  ) );
#218 = ADVANCED_FACE('',(#219),#126,.F.);
#219 = FACE_BOUND('',#220,.F.);
#220 = EDGE_LOOP('',(#221,#244,#245,#273));
#221 = ORIENTED_EDGE('',*,*,#222,.F.);
#222 = EDGE_CURVE('',#24,#223,#225,.T.);
#223 = VERTEX_POINT('',#224);
#224 = CARTESIAN_POINT('',(-90.9,18.118075894312,-2.061942864256));
#225 = SURFACE_CURVE('',#226,(#230,#237),.PCURVE_S1.);
#226 = LINE('',#227,#228);
#227 = CARTESIAN_POINT('',(-91.2,18.055702387067,-2.355387144476));
#228 = VECTOR('',#229,1.);
#229 = DIRECTION('',(0.707106781187,0.147015766465,0.69165480148));
#230 = PCURVE('',#126,#231);
#231 = DEFINITIONAL_REPRESENTATION('',(#232),#236);
#232 = LINE('',#233,#234);
#233 = CARTESIAN_POINT('',(0.,0.));
#234 = VECTOR('',#235,1.);
#235 = DIRECTION('',(0.,1.));
#236 = ( GEOMETRIC_REPRESENTATION_CONTEXT(2) 
PARAMETRIC_REPRESENTATION_CONTEXT() REPRESENTATION_CONTEXT('2D SPACE',''
  ) );
#237 = PCURVE('',#158,#238);
#238 = DEFINITIONAL_REPRESENTATION('',(#239),#243);
#239 = LINE('',#240,#241);
#240 = CARTESIAN_POINT('',(1.570796326795,-0.3));
#241 = VECTOR('',#242,1.);
#242 = DIRECTION('',(0.,-1.));
#243 = ( GEOMETRIC_REPRESENTATION_CONTEXT(2) 
PARAMETRIC_REPRESENTATION_CONTEXT() REPRESENTATION_CONTEXT('2D SPACE',''
  ) );
#244 = ORIENTED_EDGE('',*,*,#112,.T.);
#245 = ORIENTED_EDGE('',*,*,#246,.T.);
#246 = EDGE_CURVE('',#85,#247,#249,.T.);
#247 = VERTEX_POINT('',#248);
#248 = CARTESIAN_POINT('',(-90.9,116.91098356842,-23.06102363684));
#249 = SURFACE_CURVE('',#250,(#254,#261),.PCURVE_S1.);
#250 = LINE('',#251,#252);
#251 = CARTESIAN_POINT('',(-91.2,116.84861006118,-23.35446791706));
#252 = VECTOR('',#253,1.);
#253 = DIRECTION('',(0.707106781187,0.147015766465,0.69165480148));
#254 = PCURVE('',#126,#255);
#255 = DEFINITIONAL_REPRESENTATION('',(#256),#260);
#256 = LINE('',#257,#258);
#257 = CARTESIAN_POINT('',(101.,3.552713678801E-15));
#258 = VECTOR('',#259,1.);
#259 = DIRECTION('',(0.,1.));
#260 = ( GEOMETRIC_REPRESENTATION_CONTEXT(2) 
PARAMETRIC_REPRESENTATION_CONTEXT() REPRESENTATION_CONTEXT('2D SPACE',''
  ) );
#261 = PCURVE('',#262,#267);
#262 = CONICAL_SURFACE('',#263,7.5,0.785398163397);
#263 = AXIS2_PLACEMENT_3D('',#264,#265,#266);
#264 = CARTESIAN_POINT('',(-84.,116.78623655393,-23.64791219729));
#265 = DIRECTION('',(-0.,-0.207911690818,-0.978147600734));
#266 = DIRECTION('',(-1.,0.,0.));
#267 = DEFINITIONAL_REPRESENTATION('',(#268),#272);
#268 = LINE('',#269,#270);
#269 = CARTESIAN_POINT('',(0.,-0.3));
#270 = VECTOR('',#271,1.);
#271 = DIRECTION('',(0.,-1.));
#272 = ( GEOMETRIC_REPRESENTATION_CONTEXT(2) 
PARAMETRIC_REPRESENTATION_CONTEXT() REPRESENTATION_CONTEXT('2D SPACE',''
  ) );
#273 = ORIENTED_EDGE('',*,*,#274,.F.);
#274 = EDGE_CURVE('',#223,#247,#275,.T.);
#275 = SURFACE_CURVE('',#276,(#280,#287),.PCURVE_S1.);
#276 = LINE('',#277,#278);
#277 = CARTESIAN_POINT('',(-90.9,18.118075894312,-2.061942864256));
#278 = VECTOR('',#279,1.);
#279 = DIRECTION('',(0.,0.978147600734,-0.207911690818));
#280 = PCURVE('',#126,#281);
#281 = DEFINITIONAL_REPRESENTATION('',(#282),#286);
#282 = LINE('',#283,#284);
#283 = CARTESIAN_POINT('',(-2.026157019941E-15,0.424264068712));
#284 = VECTOR('',#285,1.);
#285 = DIRECTION('',(1.,2.775557561563E-17));
#286 = ( GEOMETRIC_REPRESENTATION_CONTEXT(2) 
PARAMETRIC_REPRESENTATION_CONTEXT() REPRESENTATION_CONTEXT('2D SPACE',''
  ) );
#287 = PCURVE('',#288,#293);
#288 = PLANE('',#289);
#289 = AXIS2_PLACEMENT_3D('',#290,#291,#292);
#290 = CARTESIAN_POINT('',(-91.5,10.781968888808,-0.502605183122));
#291 = DIRECTION('',(0.,0.207911690818,0.978147600734));
#292 = DIRECTION('',(1.,0.,0.));
#293 = DEFINITIONAL_REPRESENTATION('',(#294),#298);
#294 = LINE('',#295,#296);
#295 = CARTESIAN_POINT('',(0.6,7.5));
#296 = VECTOR('',#297,1.);
#297 = DIRECTION('',(0.,1.));
#298 = ( GEOMETRIC_REPRESENTATION_CONTEXT(2) 
PARAMETRIC_REPRESENTATION_CONTEXT() REPRESENTATION_CONTEXT('2D SPACE',''
  ) );
#299 = ADVANCED_FACE('',(#300,#521),#72,.F.);
#300 = FACE_BOUND('',#301,.F.);
#301 = EDGE_LOOP('',(#302,#303,#304,#325,#351,#377,#410,#438,#467,#495)
  );
#302 = ORIENTED_EDGE('',*,*,#56,.F.);
#303 = ORIENTED_EDGE('',*,*,#171,.T.);
#304 = ORIENTED_EDGE('',*,*,#305,.T.);
#305 = EDGE_CURVE('',#172,#306,#308,.T.);
#306 = VERTEX_POINT('',#307);
#307 = CARTESIAN_POINT('',(-85.5,10.904787584407,-24.04254478466));
#308 = SURFACE_CURVE('',#309,(#313,#319),.PCURVE_S1.);
#309 = LINE('',#310,#311);
#310 = CARTESIAN_POINT('',(-85.5,6.893340065023,-23.18988529262));
#311 = VECTOR('',#312,1.);
#312 = DIRECTION('',(0.,0.978147600734,-0.207911690818));
#313 = PCURVE('',#72,#314);
#314 = DEFINITIONAL_REPRESENTATION('',(#315),#318);
#315 = B_SPLINE_CURVE_WITH_KNOTS('',1,(#316,#317),.UNSPECIFIED.,.F.,.F.,
  (2,2),(-0.913297813492,8.709018993727),.PIECEWISE_BEZIER_KNOTS.);
#316 = CARTESIAN_POINT('',(6.,0.));
#317 = CARTESIAN_POINT('',(6.,9.622316807219));
#318 = ( GEOMETRIC_REPRESENTATION_CONTEXT(2) 
PARAMETRIC_REPRESENTATION_CONTEXT() REPRESENTATION_CONTEXT('2D SPACE',''
  ) );
#319 = PCURVE('',#208,#320);
#320 = DEFINITIONAL_REPRESENTATION('',(#321),#324);
#321 = B_SPLINE_CURVE_WITH_KNOTS('',1,(#322,#323),.UNSPECIFIED.,.F.,.F.,
  (2,2),(-0.913297813492,8.709018993727),.PIECEWISE_BEZIER_KNOTS.);
#322 = CARTESIAN_POINT('',(14.624472250388,-1.241124677913));
#323 = CARTESIAN_POINT('',(12.623880093415,-10.65317077639));
#324 = ( GEOMETRIC_REPRESENTATION_CONTEXT(2) 
PARAMETRIC_REPRESENTATION_CONTEXT() REPRESENTATION_CONTEXT('2D SPACE',''
  ) );
#325 = ORIENTED_EDGE('',*,*,#326,.T.);
#326 = EDGE_CURVE('',#306,#327,#329,.T.);
#327 = VERTEX_POINT('',#328);
#328 = CARTESIAN_POINT('',(85.5,10.904787584407,-24.04254478466));
#329 = SURFACE_CURVE('',#330,(#334,#340),.PCURVE_S1.);
#330 = LINE('',#331,#332);
#331 = CARTESIAN_POINT('',(-88.5,10.904787584407,-24.04254478466));
#332 = VECTOR('',#333,1.);
#333 = DIRECTION('',(1.,0.,-0.));
#334 = PCURVE('',#72,#335);
#335 = DEFINITIONAL_REPRESENTATION('',(#336),#339);
#336 = B_SPLINE_CURVE_WITH_KNOTS('',1,(#337,#338),.UNSPECIFIED.,.F.,.F.,
  (2,2),(3.,174.),.PIECEWISE_BEZIER_KNOTS.);
#337 = CARTESIAN_POINT('',(6.,5.014363456729));
#338 = CARTESIAN_POINT('',(177.,5.014363456729));
#339 = ( GEOMETRIC_REPRESENTATION_CONTEXT(2) 
PARAMETRIC_REPRESENTATION_CONTEXT() REPRESENTATION_CONTEXT('2D SPACE',''
  ) );
#340 = PCURVE('',#341,#346);
#341 = PLANE('',#342);
#342 = AXIS2_PLACEMENT_3D('',#343,#344,#345);
#343 = CARTESIAN_POINT('',(-85.5,6.,-47.11775613486));
#344 = DIRECTION('',(0.,-0.978147600734,0.207911690818));
#345 = DIRECTION('',(0.,0.207911690818,0.978147600734));
#346 = DEFINITIONAL_REPRESENTATION('',(#347),#350);
#347 = B_SPLINE_CURVE_WITH_KNOTS('',1,(#348,#349),.UNSPECIFIED.,.F.,.F.,
  (2,2),(3.,174.),.PIECEWISE_BEZIER_KNOTS.);
#348 = CARTESIAN_POINT('',(23.590725298396,0.));
#349 = CARTESIAN_POINT('',(23.590725298396,-171.));
#350 = ( GEOMETRIC_REPRESENTATION_CONTEXT(2) 
PARAMETRIC_REPRESENTATION_CONTEXT() REPRESENTATION_CONTEXT('2D SPACE',''
  ) );
#351 = ORIENTED_EDGE('',*,*,#352,.F.);
#352 = EDGE_CURVE('',#353,#327,#355,.T.);
#353 = VERTEX_POINT('',#354);
#354 = CARTESIAN_POINT('',(85.5,6.148219460727,-23.03150501894));
#355 = SURFACE_CURVE('',#356,(#360,#366),.PCURVE_S1.);
#356 = LINE('',#357,#358);
#357 = CARTESIAN_POINT('',(85.5,6.893340065023,-23.18988529262));
#358 = VECTOR('',#359,1.);
#359 = DIRECTION('',(0.,0.978147600734,-0.207911690818));
#360 = PCURVE('',#72,#361);
#361 = DEFINITIONAL_REPRESENTATION('',(#362),#365);
#362 = B_SPLINE_CURVE_WITH_KNOTS('',1,(#363,#364),.UNSPECIFIED.,.F.,.F.,
  (2,2),(-0.913297813492,8.709018993727),.PIECEWISE_BEZIER_KNOTS.);
#363 = CARTESIAN_POINT('',(177.,0.));
#364 = CARTESIAN_POINT('',(177.,9.622316807219));
#365 = ( GEOMETRIC_REPRESENTATION_CONTEXT(2) 
PARAMETRIC_REPRESENTATION_CONTEXT() REPRESENTATION_CONTEXT('2D SPACE',''
  ) );
#366 = PCURVE('',#367,#372);
#367 = PLANE('',#368);
#368 = AXIS2_PLACEMENT_3D('',#369,#370,#371);
#369 = CARTESIAN_POINT('',(85.5,4.758875322087,-37.62447225038));
#370 = DIRECTION('',(1.,0.,0.));
#371 = DIRECTION('',(-0.,0.,1.));
#372 = DEFINITIONAL_REPRESENTATION('',(#373),#376);
#373 = B_SPLINE_CURVE_WITH_KNOTS('',1,(#374,#375),.UNSPECIFIED.,.F.,.F.,
  (2,2),(-0.913297813492,8.709018993727),.PIECEWISE_BEZIER_KNOTS.);
#374 = CARTESIAN_POINT('',(14.624472250388,-1.241124677913));
#375 = CARTESIAN_POINT('',(12.623880093415,-10.65317077639));
#376 = ( GEOMETRIC_REPRESENTATION_CONTEXT(2) 
PARAMETRIC_REPRESENTATION_CONTEXT() REPRESENTATION_CONTEXT('2D SPACE',''
  ) );
#377 = ORIENTED_EDGE('',*,*,#378,.F.);
#378 = EDGE_CURVE('',#379,#353,#381,.T.);
#379 = VERTEX_POINT('',#380);
#380 = CARTESIAN_POINT('',(91.5,13.336107005504,-24.55933768113));
#381 = SURFACE_CURVE('',#382,(#387,#398),.PCURVE_S1.);
#382 = CIRCLE('',#383,7.5);
#383 = AXIS2_PLACEMENT_3D('',#384,#385,#386);
#384 = CARTESIAN_POINT('',(84.,13.336107005504,-24.55933768113));
#385 = DIRECTION('',(-0.,-0.207911690818,-0.978147600734));
#386 = DIRECTION('',(0.,-0.978147600734,0.207911690818));
#387 = PCURVE('',#72,#388);
#388 = DEFINITIONAL_REPRESENTATION('',(#389),#397);
#389 = ( BOUNDED_CURVE() B_SPLINE_CURVE(2,(#390,#391,#392,#393,#394,#395
,#396),.UNSPECIFIED.,.T.,.F.) B_SPLINE_CURVE_WITH_KNOTS((1,2,2,2,2,1),(
    -2.094395102393,0.,2.094395102393,4.188790204786,6.28318530718,
8.377580409573),.UNSPECIFIED.) CURVE() GEOMETRIC_REPRESENTATION_ITEM() 
RATIONAL_B_SPLINE_CURVE((1.,0.5,1.,0.5,1.,0.5,1.)) REPRESENTATION_ITEM(
  '') );
#390 = CARTESIAN_POINT('',(175.5,8.881784197001E-16));
#391 = CARTESIAN_POINT('',(162.50961894323,8.881784197001E-16));
#392 = CARTESIAN_POINT('',(169.00480947161,11.25));
#393 = CARTESIAN_POINT('',(175.5,22.5));
#394 = CARTESIAN_POINT('',(181.99519052838,11.25));
#395 = CARTESIAN_POINT('',(188.49038105676,1.24344978758E-14));
#396 = CARTESIAN_POINT('',(175.5,8.881784197001E-16));
#397 = ( GEOMETRIC_REPRESENTATION_CONTEXT(2) 
PARAMETRIC_REPRESENTATION_CONTEXT() REPRESENTATION_CONTEXT('2D SPACE',''
  ) );
#398 = PCURVE('',#399,#404);
#399 = CYLINDRICAL_SURFACE('',#400,7.5);
#400 = AXIS2_PLACEMENT_3D('',#401,#402,#403);
#401 = CARTESIAN_POINT('',(84.,13.336107005504,-24.55933768113));
#402 = DIRECTION('',(0.,0.207911690818,0.978147600734));
#403 = DIRECTION('',(1.,0.,0.));
#404 = DEFINITIONAL_REPRESENTATION('',(#405),#409);
#405 = LINE('',#406,#407);
#406 = CARTESIAN_POINT('',(4.712388980385,-0.));
#407 = VECTOR('',#408,1.);
#408 = DIRECTION('',(-1.,0.));
#409 = ( GEOMETRIC_REPRESENTATION_CONTEXT(2) 
PARAMETRIC_REPRESENTATION_CONTEXT() REPRESENTATION_CONTEXT('2D SPACE',''
  ) );
#410 = ORIENTED_EDGE('',*,*,#411,.T.);
#411 = EDGE_CURVE('',#379,#412,#414,.T.);
#412 = VERTEX_POINT('',#413);
#413 = CARTESIAN_POINT('',(91.5,112.12901467961,-45.55841845372));
#414 = SURFACE_CURVE('',#415,(#419,#426),.PCURVE_S1.);
#415 = LINE('',#416,#417);
#416 = CARTESIAN_POINT('',(91.5,6.,-23.));
#417 = VECTOR('',#418,1.);
#418 = DIRECTION('',(0.,0.978147600734,-0.207911690818));
#419 = PCURVE('',#72,#420);
#420 = DEFINITIONAL_REPRESENTATION('',(#421),#425);
#421 = LINE('',#422,#423);
#422 = CARTESIAN_POINT('',(183.,0.));
#423 = VECTOR('',#424,1.);
#424 = DIRECTION('',(0.,1.));
#425 = ( GEOMETRIC_REPRESENTATION_CONTEXT(2) 
PARAMETRIC_REPRESENTATION_CONTEXT() REPRESENTATION_CONTEXT('2D SPACE',''
  ) );
#426 = PCURVE('',#427,#432);
#427 = PLANE('',#428);
#428 = AXIS2_PLACEMENT_3D('',#429,#430,#431);
#429 = CARTESIAN_POINT('',(91.5,6.,-23.));
#430 = DIRECTION('',(1.,0.,0.));
#431 = DIRECTION('',(0.,0.207911690818,0.978147600734));
#432 = DEFINITIONAL_REPRESENTATION('',(#433),#437);
#433 = LINE('',#434,#435);
#434 = CARTESIAN_POINT('',(0.,0.));
#435 = VECTOR('',#436,1.);
#436 = DIRECTION('',(0.,-1.));
#437 = ( GEOMETRIC_REPRESENTATION_CONTEXT(2) 
PARAMETRIC_REPRESENTATION_CONTEXT() REPRESENTATION_CONTEXT('2D SPACE',''
  ) );
#438 = ORIENTED_EDGE('',*,*,#439,.T.);
#439 = EDGE_CURVE('',#412,#440,#442,.T.);
#440 = VERTEX_POINT('',#441);
#441 = CARTESIAN_POINT('',(84.,119.46512168512,-47.11775613486));
#442 = SURFACE_CURVE('',#443,(#448,#455),.PCURVE_S1.);
#443 = CIRCLE('',#444,7.5);
#444 = AXIS2_PLACEMENT_3D('',#445,#446,#447);
#445 = CARTESIAN_POINT('',(84.,112.12901467961,-45.55841845372));
#446 = DIRECTION('',(-0.,0.207911690818,0.978147600734));
#447 = DIRECTION('',(0.,-0.978147600734,0.207911690818));
#448 = PCURVE('',#72,#449);
#449 = DEFINITIONAL_REPRESENTATION('',(#450),#454);
#450 = CIRCLE('',#451,7.5);
#451 = AXIS2_PLACEMENT_2D('',#452,#453);
#452 = CARTESIAN_POINT('',(175.5,108.5));
#453 = DIRECTION('',(0.,-1.));
#454 = ( GEOMETRIC_REPRESENTATION_CONTEXT(2) 
PARAMETRIC_REPRESENTATION_CONTEXT() REPRESENTATION_CONTEXT('2D SPACE',''
  ) );
#455 = PCURVE('',#456,#461);
#456 = CYLINDRICAL_SURFACE('',#457,7.5);
#457 = AXIS2_PLACEMENT_3D('',#458,#459,#460);
#458 = CARTESIAN_POINT('',(84.,112.12901467961,-45.55841845372));
#459 = DIRECTION('',(0.,0.207911690818,0.978147600734));
#460 = DIRECTION('',(1.,0.,0.));
#461 = DEFINITIONAL_REPRESENTATION('',(#462),#466);
#462 = LINE('',#463,#464);
#463 = CARTESIAN_POINT('',(-1.570796326795,0.));
#464 = VECTOR('',#465,1.);
#465 = DIRECTION('',(1.,0.));
#466 = ( GEOMETRIC_REPRESENTATION_CONTEXT(2) 
PARAMETRIC_REPRESENTATION_CONTEXT() REPRESENTATION_CONTEXT('2D SPACE',''
  ) );
#467 = ORIENTED_EDGE('',*,*,#468,.F.);
#468 = EDGE_CURVE('',#469,#440,#471,.T.);
#469 = VERTEX_POINT('',#470);
#470 = CARTESIAN_POINT('',(-84.,119.46512168512,-47.11775613486));
#471 = SURFACE_CURVE('',#472,(#476,#483),.PCURVE_S1.);
#472 = LINE('',#473,#474);
#473 = CARTESIAN_POINT('',(-91.5,119.46512168512,-47.11775613486));
#474 = VECTOR('',#475,1.);
#475 = DIRECTION('',(1.,0.,0.));
#476 = PCURVE('',#72,#477);
#477 = DEFINITIONAL_REPRESENTATION('',(#478),#482);
#478 = LINE('',#479,#480);
#479 = CARTESIAN_POINT('',(0.,116.));
#480 = VECTOR('',#481,1.);
#481 = DIRECTION('',(1.,0.));
#482 = ( GEOMETRIC_REPRESENTATION_CONTEXT(2) 
PARAMETRIC_REPRESENTATION_CONTEXT() REPRESENTATION_CONTEXT('2D SPACE',''
  ) );
#483 = PCURVE('',#484,#489);
#484 = PLANE('',#485);
#485 = AXIS2_PLACEMENT_3D('',#486,#487,#488);
#486 = CARTESIAN_POINT('',(-91.5,119.46512168512,-47.11775613486));
#487 = DIRECTION('',(0.,0.978147600734,-0.207911690818));
#488 = DIRECTION('',(0.,0.207911690818,0.978147600734));
#489 = DEFINITIONAL_REPRESENTATION('',(#490),#494);
#490 = LINE('',#491,#492);
#491 = CARTESIAN_POINT('',(0.,0.));
#492 = VECTOR('',#493,1.);
#493 = DIRECTION('',(0.,1.));
#494 = ( GEOMETRIC_REPRESENTATION_CONTEXT(2) 
PARAMETRIC_REPRESENTATION_CONTEXT() REPRESENTATION_CONTEXT('2D SPACE',''
  ) );
#495 = ORIENTED_EDGE('',*,*,#496,.F.);
#496 = EDGE_CURVE('',#57,#469,#497,.T.);
#497 = SURFACE_CURVE('',#498,(#503,#514),.PCURVE_S1.);
#498 = CIRCLE('',#499,7.5);
#499 = AXIS2_PLACEMENT_3D('',#500,#501,#502);
#500 = CARTESIAN_POINT('',(-84.,112.12901467961,-45.55841845372));
#501 = DIRECTION('',(-0.,-0.207911690818,-0.978147600734));
#502 = DIRECTION('',(0.,-0.978147600734,0.207911690818));
#503 = PCURVE('',#72,#504);
#504 = DEFINITIONAL_REPRESENTATION('',(#505),#513);
#505 = ( BOUNDED_CURVE() B_SPLINE_CURVE(2,(#506,#507,#508,#509,#510,#511
,#512),.UNSPECIFIED.,.T.,.F.) B_SPLINE_CURVE_WITH_KNOTS((1,2,2,2,2,1),(
    -2.094395102393,0.,2.094395102393,4.188790204786,6.28318530718,
8.377580409573),.UNSPECIFIED.) CURVE() GEOMETRIC_REPRESENTATION_ITEM() 
RATIONAL_B_SPLINE_CURVE((1.,0.5,1.,0.5,1.,0.5,1.)) REPRESENTATION_ITEM(
  '') );
#506 = CARTESIAN_POINT('',(7.5,101.));
#507 = CARTESIAN_POINT('',(-5.490381056767,101.));
#508 = CARTESIAN_POINT('',(1.004809471617,112.25));
#509 = CARTESIAN_POINT('',(7.5,123.5));
#510 = CARTESIAN_POINT('',(13.995190528383,112.25));
#511 = CARTESIAN_POINT('',(20.490381056767,101.));
#512 = CARTESIAN_POINT('',(7.5,101.));
#513 = ( GEOMETRIC_REPRESENTATION_CONTEXT(2) 
PARAMETRIC_REPRESENTATION_CONTEXT() REPRESENTATION_CONTEXT('2D SPACE',''
  ) );
#514 = PCURVE('',#100,#515);
#515 = DEFINITIONAL_REPRESENTATION('',(#516),#520);
#516 = LINE('',#517,#518);
#517 = CARTESIAN_POINT('',(1.570796326795,-0.));
#518 = VECTOR('',#519,1.);
#519 = DIRECTION('',(-1.,0.));
#520 = ( GEOMETRIC_REPRESENTATION_CONTEXT(2) 
PARAMETRIC_REPRESENTATION_CONTEXT() REPRESENTATION_CONTEXT('2D SPACE',''
  ) );
#521 = FACE_BOUND('',#522,.F.);
#522 = EDGE_LOOP('',(#523,#553,#581,#609));
#523 = ORIENTED_EDGE('',*,*,#524,.T.);
#524 = EDGE_CURVE('',#525,#527,#529,.T.);
#525 = VERTEX_POINT('',#526);
#526 = CARTESIAN_POINT('',(20.,107.48281357613,-44.57083792234));
#527 = VERTEX_POINT('',#528);
#528 = CARTESIAN_POINT('',(-20.,107.48281357613,-44.57083792234));
#529 = SURFACE_CURVE('',#530,(#534,#541),.PCURVE_S1.);
#530 = LINE('',#531,#532);
#531 = CARTESIAN_POINT('',(-55.75,107.48281357613,-44.57083792234));
#532 = VECTOR('',#533,1.);
#533 = DIRECTION('',(-1.,0.,0.));
#534 = PCURVE('',#72,#535);
#535 = DEFINITIONAL_REPRESENTATION('',(#536),#540);
#536 = LINE('',#537,#538);
#537 = CARTESIAN_POINT('',(35.75,103.75));
#538 = VECTOR('',#539,1.);
#539 = DIRECTION('',(-1.,0.));
#540 = ( GEOMETRIC_REPRESENTATION_CONTEXT(2) 
PARAMETRIC_REPRESENTATION_CONTEXT() REPRESENTATION_CONTEXT('2D SPACE',''
  ) );
#541 = PCURVE('',#542,#547);
#542 = PLANE('',#543);
#543 = AXIS2_PLACEMENT_3D('',#544,#545,#546);
#544 = CARTESIAN_POINT('',(-20.,107.27490188531,-45.54898552307));
#545 = DIRECTION('',(0.,0.978147600734,-0.207911690818));
#546 = DIRECTION('',(0.,0.207911690818,0.978147600734));
#547 = DEFINITIONAL_REPRESENTATION('',(#548),#552);
#548 = LINE('',#549,#550);
#549 = CARTESIAN_POINT('',(1.,-35.75));
#550 = VECTOR('',#551,1.);
#551 = DIRECTION('',(0.,-1.));
#552 = ( GEOMETRIC_REPRESENTATION_CONTEXT(2) 
PARAMETRIC_REPRESENTATION_CONTEXT() REPRESENTATION_CONTEXT('2D SPACE',''
  ) );
#553 = ORIENTED_EDGE('',*,*,#554,.T.);
#554 = EDGE_CURVE('',#527,#555,#557,.T.);
#555 = VERTEX_POINT('',#556);
#556 = CARTESIAN_POINT('',(-20.,109.92818257796,-45.09061714938));
#557 = SURFACE_CURVE('',#558,(#562,#569),.PCURVE_S1.);
#558 = LINE('',#559,#560);
#559 = CARTESIAN_POINT('',(-20.,56.741406788066,-33.78541896117));
#560 = VECTOR('',#561,1.);
#561 = DIRECTION('',(0.,0.978147600734,-0.207911690818));
#562 = PCURVE('',#72,#563);
#563 = DEFINITIONAL_REPRESENTATION('',(#564),#568);
#564 = LINE('',#565,#566);
#565 = CARTESIAN_POINT('',(71.5,51.875));
#566 = VECTOR('',#567,1.);
#567 = DIRECTION('',(0.,1.));
#568 = ( GEOMETRIC_REPRESENTATION_CONTEXT(2) 
PARAMETRIC_REPRESENTATION_CONTEXT() REPRESENTATION_CONTEXT('2D SPACE',''
  ) );
#569 = PCURVE('',#570,#575);
#570 = PLANE('',#571);
#571 = AXIS2_PLACEMENT_3D('',#572,#573,#574);
#572 = CARTESIAN_POINT('',(-20.,107.27490188531,-45.54898552307));
#573 = DIRECTION('',(1.,0.,0.));
#574 = DIRECTION('',(0.,0.207911690818,0.978147600734));
#575 = DEFINITIONAL_REPRESENTATION('',(#576),#580);
#576 = LINE('',#577,#578);
#577 = CARTESIAN_POINT('',(1.,51.875));
#578 = VECTOR('',#579,1.);
#579 = DIRECTION('',(0.,-1.));
#580 = ( GEOMETRIC_REPRESENTATION_CONTEXT(2) 
PARAMETRIC_REPRESENTATION_CONTEXT() REPRESENTATION_CONTEXT('2D SPACE',''
  ) );
#581 = ORIENTED_EDGE('',*,*,#582,.F.);
#582 = EDGE_CURVE('',#583,#555,#585,.T.);
#583 = VERTEX_POINT('',#584);
#584 = CARTESIAN_POINT('',(20.,109.92818257796,-45.09061714938));
#585 = SURFACE_CURVE('',#586,(#590,#597),.PCURVE_S1.);
#586 = LINE('',#587,#588);
#587 = CARTESIAN_POINT('',(-55.75,109.92818257796,-45.09061714938));
#588 = VECTOR('',#589,1.);
#589 = DIRECTION('',(-1.,0.,0.));
#590 = PCURVE('',#72,#591);
#591 = DEFINITIONAL_REPRESENTATION('',(#592),#596);
#592 = LINE('',#593,#594);
#593 = CARTESIAN_POINT('',(35.75,106.25));
#594 = VECTOR('',#595,1.);
#595 = DIRECTION('',(-1.,0.));
#596 = ( GEOMETRIC_REPRESENTATION_CONTEXT(2) 
PARAMETRIC_REPRESENTATION_CONTEXT() REPRESENTATION_CONTEXT('2D SPACE',''
  ) );
#597 = PCURVE('',#598,#603);
#598 = PLANE('',#599);
#599 = AXIS2_PLACEMENT_3D('',#600,#601,#602);
#600 = CARTESIAN_POINT('',(-20.,109.72027088714,-46.06876475012));
#601 = DIRECTION('',(0.,0.978147600734,-0.207911690818));
#602 = DIRECTION('',(0.,0.207911690818,0.978147600734));
#603 = DEFINITIONAL_REPRESENTATION('',(#604),#608);
#604 = LINE('',#605,#606);
#605 = CARTESIAN_POINT('',(1.,-35.75));
#606 = VECTOR('',#607,1.);
#607 = DIRECTION('',(0.,-1.));
#608 = ( GEOMETRIC_REPRESENTATION_CONTEXT(2) 
PARAMETRIC_REPRESENTATION_CONTEXT() REPRESENTATION_CONTEXT('2D SPACE',''
  ) );
#609 = ORIENTED_EDGE('',*,*,#610,.F.);
#610 = EDGE_CURVE('',#525,#583,#611,.T.);
#611 = SURFACE_CURVE('',#612,(#616,#623),.PCURVE_S1.);
#612 = LINE('',#613,#614);
#613 = CARTESIAN_POINT('',(20.,56.741406788066,-33.78541896117));
#614 = VECTOR('',#615,1.);
#615 = DIRECTION('',(0.,0.978147600734,-0.207911690818));
#616 = PCURVE('',#72,#617);
#617 = DEFINITIONAL_REPRESENTATION('',(#618),#622);
#618 = LINE('',#619,#620);
#619 = CARTESIAN_POINT('',(111.5,51.875));
#620 = VECTOR('',#621,1.);
#621 = DIRECTION('',(0.,1.));
#622 = ( GEOMETRIC_REPRESENTATION_CONTEXT(2) 
PARAMETRIC_REPRESENTATION_CONTEXT() REPRESENTATION_CONTEXT('2D SPACE',''
  ) );
#623 = PCURVE('',#624,#629);
#624 = PLANE('',#625);
#625 = AXIS2_PLACEMENT_3D('',#626,#627,#628);
#626 = CARTESIAN_POINT('',(20.,107.27490188531,-45.54898552307));
#627 = DIRECTION('',(1.,0.,0.));
#628 = DIRECTION('',(0.,0.207911690818,0.978147600734));
#629 = DEFINITIONAL_REPRESENTATION('',(#630),#634);
#630 = LINE('',#631,#632);
#631 = CARTESIAN_POINT('',(1.,51.875));
#632 = VECTOR('',#633,1.);
#633 = DIRECTION('',(0.,-1.));
#634 = ( GEOMETRIC_REPRESENTATION_CONTEXT(2) 
PARAMETRIC_REPRESENTATION_CONTEXT() REPRESENTATION_CONTEXT('2D SPACE',''
  ) );
#635 = ADVANCED_FACE('',(#636),#100,.T.);
#636 = FACE_BOUND('',#637,.F.);
#637 = EDGE_LOOP('',(#638,#639,#640,#663));
#638 = ORIENTED_EDGE('',*,*,#84,.F.);
#639 = ORIENTED_EDGE('',*,*,#496,.T.);
#640 = ORIENTED_EDGE('',*,*,#641,.T.);
#641 = EDGE_CURVE('',#469,#642,#644,.T.);
#642 = VERTEX_POINT('',#643);
#643 = CARTESIAN_POINT('',(-84.,124.12234355943,-25.20724987842));
#644 = SURFACE_CURVE('',#645,(#649,#656),.PCURVE_S1.);
#645 = LINE('',#646,#647);
#646 = CARTESIAN_POINT('',(-84.,119.46512168512,-47.11775613486));
#647 = VECTOR('',#648,1.);
#648 = DIRECTION('',(0.,0.207911690818,0.978147600734));
#649 = PCURVE('',#100,#650);
#650 = DEFINITIONAL_REPRESENTATION('',(#651),#655);
#651 = LINE('',#652,#653);
#652 = CARTESIAN_POINT('',(-1.570796326795,0.));
#653 = VECTOR('',#654,1.);
#654 = DIRECTION('',(-0.,1.));
#655 = ( GEOMETRIC_REPRESENTATION_CONTEXT(2) 
PARAMETRIC_REPRESENTATION_CONTEXT() REPRESENTATION_CONTEXT('2D SPACE',''
  ) );
#656 = PCURVE('',#484,#657);
#657 = DEFINITIONAL_REPRESENTATION('',(#658),#662);
#658 = LINE('',#659,#660);
#659 = CARTESIAN_POINT('',(0.,7.5));
#660 = VECTOR('',#661,1.);
#661 = DIRECTION('',(1.,0.));
#662 = ( GEOMETRIC_REPRESENTATION_CONTEXT(2) 
PARAMETRIC_REPRESENTATION_CONTEXT() REPRESENTATION_CONTEXT('2D SPACE',''
  ) );
#663 = ORIENTED_EDGE('',*,*,#664,.F.);
#664 = EDGE_CURVE('',#85,#642,#665,.T.);
#665 = SURFACE_CURVE('',#666,(#671,#678),.PCURVE_S1.);
#666 = CIRCLE('',#667,7.5);
#667 = AXIS2_PLACEMENT_3D('',#668,#669,#670);
#668 = CARTESIAN_POINT('',(-84.,116.78623655393,-23.64791219729));
#669 = DIRECTION('',(-0.,-0.207911690818,-0.978147600734));
#670 = DIRECTION('',(-1.,0.,0.));
#671 = PCURVE('',#100,#672);
#672 = DEFINITIONAL_REPRESENTATION('',(#673),#677);
#673 = LINE('',#674,#675);
#674 = CARTESIAN_POINT('',(-0.,22.4));
#675 = VECTOR('',#676,1.);
#676 = DIRECTION('',(-1.,0.));
#677 = ( GEOMETRIC_REPRESENTATION_CONTEXT(2) 
PARAMETRIC_REPRESENTATION_CONTEXT() REPRESENTATION_CONTEXT('2D SPACE',''
  ) );
#678 = PCURVE('',#262,#679);
#679 = DEFINITIONAL_REPRESENTATION('',(#680),#684);
#680 = LINE('',#681,#682);
#681 = CARTESIAN_POINT('',(0.,-0.));
#682 = VECTOR('',#683,1.);
#683 = DIRECTION('',(1.,-0.));
#684 = ( GEOMETRIC_REPRESENTATION_CONTEXT(2) 
PARAMETRIC_REPRESENTATION_CONTEXT() REPRESENTATION_CONTEXT('2D SPACE',''
  ) );
#685 = ADVANCED_FACE('',(#686),#158,.T.);
#686 = FACE_BOUND('',#687,.F.);
#687 = EDGE_LOOP('',(#688,#715,#716,#717));
#688 = ORIENTED_EDGE('',*,*,#689,.F.);
#689 = EDGE_CURVE('',#142,#690,#692,.T.);
#690 = VERTEX_POINT('',#691);
#691 = CARTESIAN_POINT('',(-85.5,11.530268142158,-0.661661099515));
#692 = SURFACE_CURVE('',#693,(#698,#708),.PCURVE_S1.);
#693 = HYPERBOLA('',#694,1.5,1.5);
#694 = AXIS2_PLACEMENT_3D('',#695,#696,#697);
#695 = CARTESIAN_POINT('',(-85.5,19.552666560955,4.687275580808));
#696 = DIRECTION('',(1.,0.,0.));
#697 = DIRECTION('',(0.,-0.207911690818,-0.978147600734));
#698 = PCURVE('',#158,#699);
#699 = DEFINITIONAL_REPRESENTATION('',(#700),#707);
#700 = B_SPLINE_CURVE_WITH_KNOTS('',5,(#701,#702,#703,#704,#705,#706),
  .UNSPECIFIED.,.F.,.F.,(6,6),(-2.292431669561,-2.20717368312),
  .PIECEWISE_BEZIER_KNOTS.);
#701 = CARTESIAN_POINT('',(0.20135792079,-1.110223024625E-15));
#702 = CARTESIAN_POINT('',(0.204768240248,-0.125303137966));
#703 = CARTESIAN_POINT('',(0.20824978033,-0.247880429423));
#704 = CARTESIAN_POINT('',(0.211804441534,-0.367807775398));
#705 = CARTESIAN_POINT('',(0.215434190022,-0.485157777091));
#706 = CARTESIAN_POINT('',(0.219141058998,-0.6));
#707 = ( GEOMETRIC_REPRESENTATION_CONTEXT(2) 
PARAMETRIC_REPRESENTATION_CONTEXT() REPRESENTATION_CONTEXT('2D SPACE',''
  ) );
#708 = PCURVE('',#208,#709);
#709 = DEFINITIONAL_REPRESENTATION('',(#710),#714);
#710 = ( BOUNDED_CURVE() B_SPLINE_CURVE(2,(#711,#712,#713),
.UNSPECIFIED.,.F.,.F.) B_SPLINE_CURVE_WITH_KNOTS((3,3),(-2.292431669561,
-2.20717368312),.PIECEWISE_BEZIER_KNOTS.) CURVE() 
GEOMETRIC_REPRESENTATION_ITEM() RATIONAL_B_SPLINE_CURVE((1.,
1.000908753137,1.)) REPRESENTATION_ITEM('') );
#711 = CARTESIAN_POINT('',(36.50347348788,-6.046566012958));
#712 = CARTESIAN_POINT('',(36.743267665643,-6.424198116403));
#713 = CARTESIAN_POINT('',(36.962811150873,-6.771392820071));
#714 = ( GEOMETRIC_REPRESENTATION_CONTEXT(2) 
PARAMETRIC_REPRESENTATION_CONTEXT() REPRESENTATION_CONTEXT('2D SPACE',''
  ) );
#715 = ORIENTED_EDGE('',*,*,#141,.T.);
#716 = ORIENTED_EDGE('',*,*,#222,.T.);
#717 = ORIENTED_EDGE('',*,*,#718,.F.);
#718 = EDGE_CURVE('',#690,#223,#719,.T.);
#719 = SURFACE_CURVE('',#720,(#725,#732),.PCURVE_S1.);
#720 = CIRCLE('',#721,6.9);
#721 = AXIS2_PLACEMENT_3D('',#722,#723,#724);
#722 = CARTESIAN_POINT('',(-84.,18.118075894312,-2.061942864256));
#723 = DIRECTION('',(-0.,-0.207911690818,-0.978147600734));
#724 = DIRECTION('',(0.,-0.978147600734,0.207911690818));
#725 = PCURVE('',#158,#726);
#726 = DEFINITIONAL_REPRESENTATION('',(#727),#731);
#727 = LINE('',#728,#729);
#728 = CARTESIAN_POINT('',(0.,-0.6));
#729 = VECTOR('',#730,1.);
#730 = DIRECTION('',(1.,-0.));
#731 = ( GEOMETRIC_REPRESENTATION_CONTEXT(2) 
PARAMETRIC_REPRESENTATION_CONTEXT() REPRESENTATION_CONTEXT('2D SPACE',''
  ) );
#732 = PCURVE('',#288,#733);
#733 = DEFINITIONAL_REPRESENTATION('',(#734),#742);
#734 = ( BOUNDED_CURVE() B_SPLINE_CURVE(2,(#735,#736,#737,#738,#739,#740
,#741),.UNSPECIFIED.,.T.,.F.) B_SPLINE_CURVE_WITH_KNOTS((1,2,2,2,2,1),(
    -2.094395102393,0.,2.094395102393,4.188790204786,6.28318530718,
8.377580409573),.UNSPECIFIED.) CURVE() GEOMETRIC_REPRESENTATION_ITEM() 
RATIONAL_B_SPLINE_CURVE((1.,0.5,1.,0.5,1.,0.5,1.)) REPRESENTATION_ITEM(
  '') );
#735 = CARTESIAN_POINT('',(7.5,0.6));
#736 = CARTESIAN_POINT('',(-4.451150572225,0.6));
#737 = CARTESIAN_POINT('',(1.524424713887,10.95));
#738 = CARTESIAN_POINT('',(7.5,21.3));
#739 = CARTESIAN_POINT('',(13.475575286113,10.95));
#740 = CARTESIAN_POINT('',(19.451150572225,0.6));
#741 = CARTESIAN_POINT('',(7.5,0.6));
#742 = ( GEOMETRIC_REPRESENTATION_CONTEXT(2) 
PARAMETRIC_REPRESENTATION_CONTEXT() REPRESENTATION_CONTEXT('2D SPACE',''
  ) );
#743 = ADVANCED_FACE('',(#744),#208,.F.);
#744 = FACE_BOUND('',#745,.F.);
#745 = EDGE_LOOP('',(#746,#781,#809,#838,#866,#899,#920,#921,#922,#923,
    #944,#970,#996,#1024,#1053,#1081,#1110));
#746 = ORIENTED_EDGE('',*,*,#747,.F.);
#747 = EDGE_CURVE('',#748,#750,#752,.T.);
#748 = VERTEX_POINT('',#749);
#749 = CARTESIAN_POINT('',(-85.5,2.,-79.11775613486));
#750 = VERTEX_POINT('',#751);
#751 = CARTESIAN_POINT('',(-85.5,-4.440892098501E-16,-77.11775613486));
#752 = SURFACE_CURVE('',#753,(#758,#769),.PCURVE_S1.);
#753 = CIRCLE('',#754,2.);
#754 = AXIS2_PLACEMENT_3D('',#755,#756,#757);
#755 = CARTESIAN_POINT('',(-85.5,2.,-77.11775613486));
#756 = DIRECTION('',(-1.,0.,-0.));
#757 = DIRECTION('',(-0.,0.,1.));
#758 = PCURVE('',#208,#759);
#759 = DEFINITIONAL_REPRESENTATION('',(#760),#768);
#760 = ( BOUNDED_CURVE() B_SPLINE_CURVE(2,(#761,#762,#763,#764,#765,#766
,#767),.UNSPECIFIED.,.T.,.F.) B_SPLINE_CURVE_WITH_KNOTS((1,2,2,2,2,1),(
    -2.094395102393,0.,2.094395102393,4.188790204786,6.28318530718,
8.377580409573),.UNSPECIFIED.) CURVE() GEOMETRIC_REPRESENTATION_ITEM() 
RATIONAL_B_SPLINE_CURVE((1.,0.5,1.,0.5,1.,0.5,1.)) REPRESENTATION_ITEM(
  '') );
#761 = CARTESIAN_POINT('',(-37.49328388447,2.758875322087));
#762 = CARTESIAN_POINT('',(-37.49328388447,-0.70522629305));
#763 = CARTESIAN_POINT('',(-40.49328388447,1.026824514518));
#764 = CARTESIAN_POINT('',(-43.49328388447,2.758875322087));
#765 = CARTESIAN_POINT('',(-40.49328388447,4.490926129656));
#766 = CARTESIAN_POINT('',(-37.49328388447,6.222976937225));
#767 = CARTESIAN_POINT('',(-37.49328388447,2.758875322087));
#768 = ( GEOMETRIC_REPRESENTATION_CONTEXT(2) 
PARAMETRIC_REPRESENTATION_CONTEXT() REPRESENTATION_CONTEXT('2D SPACE',''
  ) );
#769 = PCURVE('',#770,#775);
#770 = CYLINDRICAL_SURFACE('',#771,2.);
#771 = AXIS2_PLACEMENT_3D('',#772,#773,#774);
#772 = CARTESIAN_POINT('',(-85.5,2.,-77.11775613486));
#773 = DIRECTION('',(1.,0.,0.));
#774 = DIRECTION('',(0.,0.,-1.));
#775 = DEFINITIONAL_REPRESENTATION('',(#776),#780);
#776 = LINE('',#777,#778);
#777 = CARTESIAN_POINT('',(3.14159265359,-0.));
#778 = VECTOR('',#779,1.);
#779 = DIRECTION('',(-1.,0.));
#780 = ( GEOMETRIC_REPRESENTATION_CONTEXT(2) 
PARAMETRIC_REPRESENTATION_CONTEXT() REPRESENTATION_CONTEXT('2D SPACE',''
  ) );
#781 = ORIENTED_EDGE('',*,*,#782,.T.);
#782 = EDGE_CURVE('',#748,#783,#785,.T.);
#783 = VERTEX_POINT('',#784);
#784 = CARTESIAN_POINT('',(-85.5,4.,-79.11775613486));
#785 = SURFACE_CURVE('',#786,(#790,#797),.PCURVE_S1.);
#786 = LINE('',#787,#788);
#787 = CARTESIAN_POINT('',(-85.5,0.,-79.11775613486));
#788 = VECTOR('',#789,1.);
#789 = DIRECTION('',(0.,1.,0.));
#790 = PCURVE('',#208,#791);
#791 = DEFINITIONAL_REPRESENTATION('',(#792),#796);
#792 = LINE('',#793,#794);
#793 = CARTESIAN_POINT('',(-41.49328388447,4.758875322087));
#794 = VECTOR('',#795,1.);
#795 = DIRECTION('',(0.,-1.));
#796 = ( GEOMETRIC_REPRESENTATION_CONTEXT(2) 
PARAMETRIC_REPRESENTATION_CONTEXT() REPRESENTATION_CONTEXT('2D SPACE',''
  ) );
#797 = PCURVE('',#798,#803);
#798 = PLANE('',#799);
#799 = AXIS2_PLACEMENT_3D('',#800,#801,#802);
#800 = CARTESIAN_POINT('',(-85.5,0.,-79.11775613486));
#801 = DIRECTION('',(0.,0.,1.));
#802 = DIRECTION('',(0.,1.,0.));
#803 = DEFINITIONAL_REPRESENTATION('',(#804),#808);
#804 = LINE('',#805,#806);
#805 = CARTESIAN_POINT('',(0.,0.));
#806 = VECTOR('',#807,1.);
#807 = DIRECTION('',(1.,0.));
#808 = ( GEOMETRIC_REPRESENTATION_CONTEXT(2) 
PARAMETRIC_REPRESENTATION_CONTEXT() REPRESENTATION_CONTEXT('2D SPACE',''
  ) );
#809 = ORIENTED_EDGE('',*,*,#810,.T.);
#810 = EDGE_CURVE('',#783,#811,#813,.T.);
#811 = VERTEX_POINT('',#812);
#812 = CARTESIAN_POINT('',(-85.5,6.,-77.11775613486));
#813 = SURFACE_CURVE('',#814,(#819,#826),.PCURVE_S1.);
#814 = CIRCLE('',#815,2.);
#815 = AXIS2_PLACEMENT_3D('',#816,#817,#818);
#816 = CARTESIAN_POINT('',(-85.5,4.,-77.11775613486));
#817 = DIRECTION('',(1.,0.,0.));
#818 = DIRECTION('',(-0.,0.,1.));
#819 = PCURVE('',#208,#820);
#820 = DEFINITIONAL_REPRESENTATION('',(#821),#825);
#821 = CIRCLE('',#822,2.);
#822 = AXIS2_PLACEMENT_2D('',#823,#824);
#823 = CARTESIAN_POINT('',(-39.49328388447,0.758875322087));
#824 = DIRECTION('',(1.,0.));
#825 = ( GEOMETRIC_REPRESENTATION_CONTEXT(2) 
PARAMETRIC_REPRESENTATION_CONTEXT() REPRESENTATION_CONTEXT('2D SPACE',''
  ) );
#826 = PCURVE('',#827,#832);
#827 = CYLINDRICAL_SURFACE('',#828,2.);
#828 = AXIS2_PLACEMENT_3D('',#829,#830,#831);
#829 = CARTESIAN_POINT('',(-85.5,4.,-77.11775613486));
#830 = DIRECTION('',(1.,0.,0.));
#831 = DIRECTION('',(0.,0.,-1.));
#832 = DEFINITIONAL_REPRESENTATION('',(#833),#837);
#833 = LINE('',#834,#835);
#834 = CARTESIAN_POINT('',(-3.14159265359,0.));
#835 = VECTOR('',#836,1.);
#836 = DIRECTION('',(1.,0.));
#837 = ( GEOMETRIC_REPRESENTATION_CONTEXT(2) 
PARAMETRIC_REPRESENTATION_CONTEXT() REPRESENTATION_CONTEXT('2D SPACE',''
  ) );
#838 = ORIENTED_EDGE('',*,*,#839,.T.);
#839 = EDGE_CURVE('',#811,#840,#842,.T.);
#840 = VERTEX_POINT('',#841);
#841 = CARTESIAN_POINT('',(-85.5,6.,-47.32796460539));
#842 = SURFACE_CURVE('',#843,(#847,#854),.PCURVE_S1.);
#843 = LINE('',#844,#845);
#844 = CARTESIAN_POINT('',(-85.5,6.,-79.11775613486));
#845 = VECTOR('',#846,1.);
#846 = DIRECTION('',(0.,0.,1.));
#847 = PCURVE('',#208,#848);
#848 = DEFINITIONAL_REPRESENTATION('',(#849),#853);
#849 = LINE('',#850,#851);
#850 = CARTESIAN_POINT('',(-41.49328388447,-1.241124677913));
#851 = VECTOR('',#852,1.);
#852 = DIRECTION('',(1.,0.));
#853 = ( GEOMETRIC_REPRESENTATION_CONTEXT(2) 
PARAMETRIC_REPRESENTATION_CONTEXT() REPRESENTATION_CONTEXT('2D SPACE',''
  ) );
#854 = PCURVE('',#855,#860);
#855 = PLANE('',#856);
#856 = AXIS2_PLACEMENT_3D('',#857,#858,#859);
#857 = CARTESIAN_POINT('',(-85.5,6.,-79.11775613486));
#858 = DIRECTION('',(0.,-1.,0.));
#859 = DIRECTION('',(0.,0.,1.));
#860 = DEFINITIONAL_REPRESENTATION('',(#861),#865);
#861 = LINE('',#862,#863);
#862 = CARTESIAN_POINT('',(0.,0.));
#863 = VECTOR('',#864,1.);
#864 = DIRECTION('',(1.,0.));
#865 = ( GEOMETRIC_REPRESENTATION_CONTEXT(2) 
PARAMETRIC_REPRESENTATION_CONTEXT() REPRESENTATION_CONTEXT('2D SPACE',''
  ) );
#866 = ORIENTED_EDGE('',*,*,#867,.T.);
#867 = EDGE_CURVE('',#840,#868,#870,.T.);
#868 = VERTEX_POINT('',#869);
#869 = CARTESIAN_POINT('',(-85.5,6.043704798532,-46.91214122375));
#870 = SURFACE_CURVE('',#871,(#876,#887),.PCURVE_S1.);
#871 = CIRCLE('',#872,2.);
#872 = AXIS2_PLACEMENT_3D('',#873,#874,#875);
#873 = CARTESIAN_POINT('',(-85.5,8.,-47.32796460539));
#874 = DIRECTION('',(-1.,0.,-0.));
#875 = DIRECTION('',(-0.,0.,1.));
#876 = PCURVE('',#208,#877);
#877 = DEFINITIONAL_REPRESENTATION('',(#878),#886);
#878 = ( BOUNDED_CURVE() B_SPLINE_CURVE(2,(#879,#880,#881,#882,#883,#884
,#885),.UNSPECIFIED.,.T.,.F.) B_SPLINE_CURVE_WITH_KNOTS((1,2,2,2,2,1),(
    -2.094395102393,0.,2.094395102393,4.188790204786,6.28318530718,
8.377580409573),.UNSPECIFIED.) CURVE() GEOMETRIC_REPRESENTATION_ITEM() 
RATIONAL_B_SPLINE_CURVE((1.,0.5,1.,0.5,1.,0.5,1.)) REPRESENTATION_ITEM(
  '') );
#879 = CARTESIAN_POINT('',(-7.703492355003,-3.241124677913));
#880 = CARTESIAN_POINT('',(-7.703492355003,-6.70522629305));
#881 = CARTESIAN_POINT('',(-10.703492355,-4.973175485482));
#882 = CARTESIAN_POINT('',(-13.703492355,-3.241124677913));
#883 = CARTESIAN_POINT('',(-10.703492355,-1.509073870344));
#884 = CARTESIAN_POINT('',(-7.703492355003,0.222976937225));
#885 = CARTESIAN_POINT('',(-7.703492355003,-3.241124677913));
#886 = ( GEOMETRIC_REPRESENTATION_CONTEXT(2) 
PARAMETRIC_REPRESENTATION_CONTEXT() REPRESENTATION_CONTEXT('2D SPACE',''
  ) );
#887 = PCURVE('',#888,#893);
#888 = CYLINDRICAL_SURFACE('',#889,2.);
#889 = AXIS2_PLACEMENT_3D('',#890,#891,#892);
#890 = CARTESIAN_POINT('',(-85.5,8.,-47.32796460539));
#891 = DIRECTION('',(1.,0.,0.));
#892 = DIRECTION('',(0.,-1.,0.));
#893 = DEFINITIONAL_REPRESENTATION('',(#894),#898);
#894 = LINE('',#895,#896);
#895 = CARTESIAN_POINT('',(4.712388980385,-0.));
#896 = VECTOR('',#897,1.);
#897 = DIRECTION('',(-1.,0.));
#898 = ( GEOMETRIC_REPRESENTATION_CONTEXT(2) 
PARAMETRIC_REPRESENTATION_CONTEXT() REPRESENTATION_CONTEXT('2D SPACE',''
  ) );
#899 = ORIENTED_EDGE('',*,*,#900,.T.);
#900 = EDGE_CURVE('',#868,#306,#901,.T.);
#901 = SURFACE_CURVE('',#902,(#906,#913),.PCURVE_S1.);
#902 = LINE('',#903,#904);
#903 = CARTESIAN_POINT('',(-85.5,6.,-47.11775613486));
#904 = VECTOR('',#905,1.);
#905 = DIRECTION('',(0.,0.207911690818,0.978147600734));
#906 = PCURVE('',#208,#907);
#907 = DEFINITIONAL_REPRESENTATION('',(#908),#912);
#908 = LINE('',#909,#910);
#909 = CARTESIAN_POINT('',(-9.493283884472,-1.241124677913));
#910 = VECTOR('',#911,1.);
#911 = DIRECTION('',(0.978147600734,-0.207911690818));
#912 = ( GEOMETRIC_REPRESENTATION_CONTEXT(2) 
PARAMETRIC_REPRESENTATION_CONTEXT() REPRESENTATION_CONTEXT('2D SPACE',''
  ) );
#913 = PCURVE('',#341,#914);
#914 = DEFINITIONAL_REPRESENTATION('',(#915),#919);
#915 = LINE('',#916,#917);
#916 = CARTESIAN_POINT('',(0.,0.));
#917 = VECTOR('',#918,1.);
#918 = DIRECTION('',(1.,0.));
#919 = ( GEOMETRIC_REPRESENTATION_CONTEXT(2) 
PARAMETRIC_REPRESENTATION_CONTEXT() REPRESENTATION_CONTEXT('2D SPACE',''
  ) );
#920 = ORIENTED_EDGE('',*,*,#305,.F.);
#921 = ORIENTED_EDGE('',*,*,#195,.T.);
#922 = ORIENTED_EDGE('',*,*,#689,.T.);
#923 = ORIENTED_EDGE('',*,*,#924,.T.);
#924 = EDGE_CURVE('',#690,#925,#927,.T.);
#925 = VERTEX_POINT('',#926);
#926 = CARTESIAN_POINT('',(-85.5,13.71641169101,-1.126340255576));
#927 = SURFACE_CURVE('',#928,(#932,#938),.PCURVE_S1.);
#928 = LINE('',#929,#930);
#929 = CARTESIAN_POINT('',(-85.5,11.675308953831,-0.692490475746));
#930 = VECTOR('',#931,1.);
#931 = DIRECTION('',(0.,0.978147600734,-0.207911690818));
#932 = PCURVE('',#208,#933);
#933 = DEFINITIONAL_REPRESENTATION('',(#934),#937);
#934 = B_SPLINE_CURVE_WITH_KNOTS('',1,(#935,#936),.UNSPECIFIED.,.F.,.F.,
  (2,2),(-0.313297813492,3.820218075316),.PIECEWISE_BEZIER_KNOTS.);
#935 = CARTESIAN_POINT('',(36.997120052775,-6.609982127161));
#936 = CARTESIAN_POINT('',(36.137713775311,-10.65317077639));
#937 = ( GEOMETRIC_REPRESENTATION_CONTEXT(2) 
PARAMETRIC_REPRESENTATION_CONTEXT() REPRESENTATION_CONTEXT('2D SPACE',''
  ) );
#938 = PCURVE('',#288,#939);
#939 = DEFINITIONAL_REPRESENTATION('',(#940),#943);
#940 = B_SPLINE_CURVE_WITH_KNOTS('',1,(#941,#942),.UNSPECIFIED.,.F.,.F.,
  (2,2),(-0.313297813492,3.820218075316),.PIECEWISE_BEZIER_KNOTS.);
#941 = CARTESIAN_POINT('',(6.,0.6));
#942 = CARTESIAN_POINT('',(6.,4.733515888808));
#943 = ( GEOMETRIC_REPRESENTATION_CONTEXT(2) 
PARAMETRIC_REPRESENTATION_CONTEXT() REPRESENTATION_CONTEXT('2D SPACE',''
  ) );
#944 = ORIENTED_EDGE('',*,*,#945,.F.);
#945 = EDGE_CURVE('',#946,#925,#948,.T.);
#946 = VERTEX_POINT('',#947);
#947 = CARTESIAN_POINT('',(-85.5,9.558177874655,-20.68929227025));
#948 = SURFACE_CURVE('',#949,(#953,#959),.PCURVE_S1.);
#949 = LINE('',#950,#951);
#950 = CARTESIAN_POINT('',(-85.5,9.811524842627,-19.49738849658));
#951 = VECTOR('',#952,1.);
#952 = DIRECTION('',(-0.,0.207911690818,0.978147600734));
#953 = PCURVE('',#208,#954);
#954 = DEFINITIONAL_REPRESENTATION('',(#955),#958);
#955 = B_SPLINE_CURVE_WITH_KNOTS('',1,(#956,#957),.UNSPECIFIED.,.F.,.F.,
  (2,2),(-1.218531612992,18.781468387008),.PIECEWISE_BEZIER_KNOTS.);
#956 = CARTESIAN_POINT('',(16.935179980136,-4.799302552567));
#957 = CARTESIAN_POINT('',(36.498131994812,-8.957536368923));
#958 = ( GEOMETRIC_REPRESENTATION_CONTEXT(2) 
PARAMETRIC_REPRESENTATION_CONTEXT() REPRESENTATION_CONTEXT('2D SPACE',''
  ) );
#959 = PCURVE('',#960,#965);
#960 = PLANE('',#961);
#961 = AXIS2_PLACEMENT_3D('',#962,#963,#964);
#962 = CARTESIAN_POINT('',(-88.5,13.71641169101,-1.126340255576));
#963 = DIRECTION('',(0.,-0.978147600734,0.207911690818));
#964 = DIRECTION('',(1.,0.,0.));
#965 = DEFINITIONAL_REPRESENTATION('',(#966),#969);
#966 = B_SPLINE_CURVE_WITH_KNOTS('',1,(#967,#968),.UNSPECIFIED.,.F.,.F.,
  (2,2),(-1.218531612992,18.781468387008),.PIECEWISE_BEZIER_KNOTS.);
#967 = CARTESIAN_POINT('',(3.,-20.));
#968 = CARTESIAN_POINT('',(3.,0.));
#969 = ( GEOMETRIC_REPRESENTATION_CONTEXT(2) 
PARAMETRIC_REPRESENTATION_CONTEXT() REPRESENTATION_CONTEXT('2D SPACE',''
  ) );
#970 = ORIENTED_EDGE('',*,*,#971,.T.);
#971 = EDGE_CURVE('',#946,#972,#974,.T.);
#972 = VERTEX_POINT('',#973);
#973 = CARTESIAN_POINT('',(-85.5,11.52852265686,-21.10810198246));
#974 = SURFACE_CURVE('',#975,(#979,#985),.PCURVE_S1.);
#975 = LINE('',#976,#977);
#976 = CARTESIAN_POINT('',(-85.5,35.883355558756,-26.28488152413));
#977 = VECTOR('',#978,1.);
#978 = DIRECTION('',(0.,0.978147600734,-0.207911690818));
#979 = PCURVE('',#208,#980);
#980 = DEFINITIONAL_REPRESENTATION('',(#981),#984);
#981 = B_SPLINE_CURVE_WITH_KNOTS('',1,(#982,#983),.UNSPECIFIED.,.F.,.F.,
  (2,2),(-26.91329781349,-20.92865069128),.PIECEWISE_BEZIER_KNOTS.);
#982 = CARTESIAN_POINT('',(16.935179980136,-4.799302552567));
#983 = CARTESIAN_POINT('',(15.69090187801,-10.65317077639));
#984 = ( GEOMETRIC_REPRESENTATION_CONTEXT(2) 
PARAMETRIC_REPRESENTATION_CONTEXT() REPRESENTATION_CONTEXT('2D SPACE',''
  ) );
#985 = PCURVE('',#986,#991);
#986 = PLANE('',#987);
#987 = AXIS2_PLACEMENT_3D('',#988,#989,#990);
#988 = CARTESIAN_POINT('',(0.,63.356295915014,-32.12443526522));
#989 = DIRECTION('',(0.,0.207911690818,0.978147600734));
#990 = DIRECTION('',(1.,0.,0.));
#991 = DEFINITIONAL_REPRESENTATION('',(#992),#995);
#992 = B_SPLINE_CURVE_WITH_KNOTS('',1,(#993,#994),.UNSPECIFIED.,.F.,.F.,
  (2,2),(-26.91329781349,-20.92865069128),.PIECEWISE_BEZIER_KNOTS.);
#993 = CARTESIAN_POINT('',(-85.5,-55.));
#994 = CARTESIAN_POINT('',(-85.5,-49.01535287779));
#995 = ( GEOMETRIC_REPRESENTATION_CONTEXT(2) 
PARAMETRIC_REPRESENTATION_CONTEXT() REPRESENTATION_CONTEXT('2D SPACE',''
  ) );
#996 = ORIENTED_EDGE('',*,*,#997,.T.);
#997 = EDGE_CURVE('',#972,#998,#1000,.T.);
#998 = VERTEX_POINT('',#999);
#999 = CARTESIAN_POINT('',(-85.5,15.368341299949,-3.043175579249));
#1000 = SURFACE_CURVE('',#1001,(#1005,#1012),.PCURVE_S1.);
#1001 = LINE('',#1002,#1003);
#1002 = CARTESIAN_POINT('',(-85.5,6.,-47.11775613486));
#1003 = VECTOR('',#1004,1.);
#1004 = DIRECTION('',(0.,0.207911690818,0.978147600734));
#1005 = PCURVE('',#208,#1006);
#1006 = DEFINITIONAL_REPRESENTATION('',(#1007),#1011);
#1007 = LINE('',#1008,#1009);
#1008 = CARTESIAN_POINT('',(-9.493283884472,-1.241124677913));
#1009 = VECTOR('',#1010,1.);
#1010 = DIRECTION('',(0.978147600734,-0.207911690818));
#1011 = ( GEOMETRIC_REPRESENTATION_CONTEXT(2) 
PARAMETRIC_REPRESENTATION_CONTEXT() REPRESENTATION_CONTEXT('2D SPACE',''
  ) );
#1012 = PCURVE('',#1013,#1018);
#1013 = PLANE('',#1014);
#1014 = AXIS2_PLACEMENT_3D('',#1015,#1016,#1017);
#1015 = CARTESIAN_POINT('',(-85.5,6.,-47.11775613486));
#1016 = DIRECTION('',(0.,-0.978147600734,0.207911690818));
#1017 = DIRECTION('',(0.,0.207911690818,0.978147600734));
#1018 = DEFINITIONAL_REPRESENTATION('',(#1019),#1023);
#1019 = LINE('',#1020,#1021);
#1020 = CARTESIAN_POINT('',(0.,0.));
#1021 = VECTOR('',#1022,1.);
#1022 = DIRECTION('',(1.,0.));
#1023 = ( GEOMETRIC_REPRESENTATION_CONTEXT(2) 
PARAMETRIC_REPRESENTATION_CONTEXT() REPRESENTATION_CONTEXT('2D SPACE',''
  ) );
#1024 = ORIENTED_EDGE('',*,*,#1025,.T.);
#1025 = EDGE_CURVE('',#998,#1026,#1028,.T.);
#1026 = VERTEX_POINT('',#1027);
#1027 = CARTESIAN_POINT('',(-85.5,13.412046098482,-0.627352197613));
#1028 = SURFACE_CURVE('',#1029,(#1034,#1041),.PCURVE_S1.);
#1029 = CIRCLE('',#1030,2.);
#1030 = AXIS2_PLACEMENT_3D('',#1031,#1032,#1033);
#1031 = CARTESIAN_POINT('',(-85.5,13.412046098482,-2.627352197613));
#1032 = DIRECTION('',(1.,0.,0.));
#1033 = DIRECTION('',(-0.,0.,1.));
#1034 = PCURVE('',#208,#1035);
#1035 = DEFINITIONAL_REPRESENTATION('',(#1036),#1040);
#1036 = CIRCLE('',#1037,2.);
#1037 = AXIS2_PLACEMENT_2D('',#1038,#1039);
#1038 = CARTESIAN_POINT('',(34.997120052775,-8.653170776394));
#1039 = DIRECTION('',(1.,0.));
#1040 = ( GEOMETRIC_REPRESENTATION_CONTEXT(2) 
PARAMETRIC_REPRESENTATION_CONTEXT() REPRESENTATION_CONTEXT('2D SPACE',''
  ) );
#1041 = PCURVE('',#1042,#1047);
#1042 = CYLINDRICAL_SURFACE('',#1043,2.);
#1043 = AXIS2_PLACEMENT_3D('',#1044,#1045,#1046);
#1044 = CARTESIAN_POINT('',(-85.5,13.412046098482,-2.627352197613));
#1045 = DIRECTION('',(1.,0.,0.));
#1046 = DIRECTION('',(0.,0.978147600734,-0.207911690818));
#1047 = DEFINITIONAL_REPRESENTATION('',(#1048),#1052);
#1048 = LINE('',#1049,#1050);
#1049 = CARTESIAN_POINT('',(-4.502949470145,0.));
#1050 = VECTOR('',#1051,1.);
#1051 = DIRECTION('',(1.,0.));
#1052 = ( GEOMETRIC_REPRESENTATION_CONTEXT(2) 
PARAMETRIC_REPRESENTATION_CONTEXT() REPRESENTATION_CONTEXT('2D SPACE',''
  ) );
#1053 = ORIENTED_EDGE('',*,*,#1054,.T.);
#1054 = EDGE_CURVE('',#1026,#1055,#1057,.T.);
#1055 = VERTEX_POINT('',#1056);
#1056 = CARTESIAN_POINT('',(-85.5,2.,-0.627352197613));
#1057 = SURFACE_CURVE('',#1058,(#1062,#1069),.PCURVE_S1.);
#1058 = LINE('',#1059,#1060);
#1059 = CARTESIAN_POINT('',(-85.5,15.881840411552,-0.627352197613));
#1060 = VECTOR('',#1061,1.);
#1061 = DIRECTION('',(0.,-1.,0.));
#1062 = PCURVE('',#208,#1063);
#1063 = DEFINITIONAL_REPRESENTATION('',(#1064),#1068);
#1064 = LINE('',#1065,#1066);
#1065 = CARTESIAN_POINT('',(36.997120052775,-11.12296508946));
#1066 = VECTOR('',#1067,1.);
#1067 = DIRECTION('',(0.,1.));
#1068 = ( GEOMETRIC_REPRESENTATION_CONTEXT(2) 
PARAMETRIC_REPRESENTATION_CONTEXT() REPRESENTATION_CONTEXT('2D SPACE',''
  ) );
#1069 = PCURVE('',#1070,#1075);
#1070 = PLANE('',#1071);
#1071 = AXIS2_PLACEMENT_3D('',#1072,#1073,#1074);
#1072 = CARTESIAN_POINT('',(-85.5,15.881840411552,-0.627352197613));
#1073 = DIRECTION('',(0.,0.,-1.));
#1074 = DIRECTION('',(0.,-1.,0.));
#1075 = DEFINITIONAL_REPRESENTATION('',(#1076),#1080);
#1076 = LINE('',#1077,#1078);
#1077 = CARTESIAN_POINT('',(0.,-0.));
#1078 = VECTOR('',#1079,1.);
#1079 = DIRECTION('',(1.,0.));
#1080 = ( GEOMETRIC_REPRESENTATION_CONTEXT(2) 
PARAMETRIC_REPRESENTATION_CONTEXT() REPRESENTATION_CONTEXT('2D SPACE',''
  ) );
#1081 = ORIENTED_EDGE('',*,*,#1082,.T.);
#1082 = EDGE_CURVE('',#1055,#1083,#1085,.T.);
#1083 = VERTEX_POINT('',#1084);
#1084 = CARTESIAN_POINT('',(-85.5,-4.440892098501E-16,-2.627352197613));
#1085 = SURFACE_CURVE('',#1086,(#1091,#1098),.PCURVE_S1.);
#1086 = CIRCLE('',#1087,2.);
#1087 = AXIS2_PLACEMENT_3D('',#1088,#1089,#1090);
#1088 = CARTESIAN_POINT('',(-85.5,2.,-2.627352197613));
#1089 = DIRECTION('',(1.,0.,0.));
#1090 = DIRECTION('',(-0.,0.,1.));
#1091 = PCURVE('',#208,#1092);
#1092 = DEFINITIONAL_REPRESENTATION('',(#1093),#1097);
#1093 = CIRCLE('',#1094,2.);
#1094 = AXIS2_PLACEMENT_2D('',#1095,#1096);
#1095 = CARTESIAN_POINT('',(34.997120052775,2.758875322087));
#1096 = DIRECTION('',(1.,0.));
#1097 = ( GEOMETRIC_REPRESENTATION_CONTEXT(2) 
PARAMETRIC_REPRESENTATION_CONTEXT() REPRESENTATION_CONTEXT('2D SPACE',''
  ) );
#1098 = PCURVE('',#1099,#1104);
#1099 = CYLINDRICAL_SURFACE('',#1100,2.);
#1100 = AXIS2_PLACEMENT_3D('',#1101,#1102,#1103);
#1101 = CARTESIAN_POINT('',(-85.5,2.,-2.627352197613));
#1102 = DIRECTION('',(1.,0.,0.));
#1103 = DIRECTION('',(0.,-0.,1.));
#1104 = DEFINITIONAL_REPRESENTATION('',(#1105),#1109);
#1105 = LINE('',#1106,#1107);
#1106 = CARTESIAN_POINT('',(0.,0.));
#1107 = VECTOR('',#1108,1.);
#1108 = DIRECTION('',(1.,0.));
#1109 = ( GEOMETRIC_REPRESENTATION_CONTEXT(2) 
PARAMETRIC_REPRESENTATION_CONTEXT() REPRESENTATION_CONTEXT('2D SPACE',''
  ) );
#1110 = ORIENTED_EDGE('',*,*,#1111,.T.);
#1111 = EDGE_CURVE('',#1083,#750,#1112,.T.);
#1112 = SURFACE_CURVE('',#1113,(#1117,#1124),.PCURVE_S1.);
#1113 = LINE('',#1114,#1115);
#1114 = CARTESIAN_POINT('',(-85.5,0.,-0.627352197613));
#1115 = VECTOR('',#1116,1.);
#1116 = DIRECTION('',(0.,0.,-1.));
#1117 = PCURVE('',#208,#1118);
#1118 = DEFINITIONAL_REPRESENTATION('',(#1119),#1123);
#1119 = LINE('',#1120,#1121);
#1120 = CARTESIAN_POINT('',(36.997120052775,4.758875322087));
#1121 = VECTOR('',#1122,1.);
#1122 = DIRECTION('',(-1.,0.));
#1123 = ( GEOMETRIC_REPRESENTATION_CONTEXT(2) 
PARAMETRIC_REPRESENTATION_CONTEXT() REPRESENTATION_CONTEXT('2D SPACE',''
  ) );
#1124 = PCURVE('',#1125,#1130);
#1125 = PLANE('',#1126);
#1126 = AXIS2_PLACEMENT_3D('',#1127,#1128,#1129);
#1127 = CARTESIAN_POINT('',(-85.5,0.,-0.627352197613));
#1128 = DIRECTION('',(-0.,1.,0.));
#1129 = DIRECTION('',(0.,0.,-1.));
#1130 = DEFINITIONAL_REPRESENTATION('',(#1131),#1135);
#1131 = LINE('',#1132,#1133);
#1132 = CARTESIAN_POINT('',(0.,0.));
#1133 = VECTOR('',#1134,1.);
#1134 = DIRECTION('',(1.,0.));
#1135 = ( GEOMETRIC_REPRESENTATION_CONTEXT(2) 
PARAMETRIC_REPRESENTATION_CONTEXT() REPRESENTATION_CONTEXT('2D SPACE',''
  ) );
#1136 = ADVANCED_FACE('',(#1137),#288,.T.);
#1137 = FACE_BOUND('',#1138,.T.);
#1138 = EDGE_LOOP('',(#1139,#1140,#1141,#1142,#1165,#1193,#1221,#1249,
    #1277,#1298,#1331,#1359,#1392,#1420));
#1139 = ORIENTED_EDGE('',*,*,#274,.F.);
#1140 = ORIENTED_EDGE('',*,*,#718,.F.);
#1141 = ORIENTED_EDGE('',*,*,#924,.T.);
#1142 = ORIENTED_EDGE('',*,*,#1143,.F.);
#1143 = EDGE_CURVE('',#1144,#925,#1146,.T.);
#1144 = VERTEX_POINT('',#1145);
#1145 = CARTESIAN_POINT('',(-88.5,13.71641169101,-1.126340255576));
#1146 = SURFACE_CURVE('',#1147,(#1151,#1158),.PCURVE_S1.);
#1147 = LINE('',#1148,#1149);
#1148 = CARTESIAN_POINT('',(-88.5,13.71641169101,-1.126340255576));
#1149 = VECTOR('',#1150,1.);
#1150 = DIRECTION('',(1.,0.,0.));
#1151 = PCURVE('',#288,#1152);
#1152 = DEFINITIONAL_REPRESENTATION('',(#1153),#1157);
#1153 = LINE('',#1154,#1155);
#1154 = CARTESIAN_POINT('',(3.,3.));
#1155 = VECTOR('',#1156,1.);
#1156 = DIRECTION('',(1.,0.));
#1157 = ( GEOMETRIC_REPRESENTATION_CONTEXT(2) 
PARAMETRIC_REPRESENTATION_CONTEXT() REPRESENTATION_CONTEXT('2D SPACE',''
  ) );
#1158 = PCURVE('',#960,#1159);
#1159 = DEFINITIONAL_REPRESENTATION('',(#1160),#1164);
#1160 = LINE('',#1161,#1162);
#1161 = CARTESIAN_POINT('',(0.,0.));
#1162 = VECTOR('',#1163,1.);
#1163 = DIRECTION('',(1.,0.));
#1164 = ( GEOMETRIC_REPRESENTATION_CONTEXT(2) 
PARAMETRIC_REPRESENTATION_CONTEXT() REPRESENTATION_CONTEXT('2D SPACE',''
  ) );
#1165 = ORIENTED_EDGE('',*,*,#1166,.F.);
#1166 = EDGE_CURVE('',#1167,#1144,#1169,.T.);
#1167 = VERTEX_POINT('',#1168);
#1168 = CARTESIAN_POINT('',(-88.5,121.31264777172,-23.99662624552));
#1169 = SURFACE_CURVE('',#1170,(#1174,#1181),.PCURVE_S1.);
#1170 = LINE('',#1171,#1172);
#1171 = CARTESIAN_POINT('',(-88.5,121.31264777172,-23.99662624552));
#1172 = VECTOR('',#1173,1.);
#1173 = DIRECTION('',(0.,-0.978147600734,0.207911690818));
#1174 = PCURVE('',#288,#1175);
#1175 = DEFINITIONAL_REPRESENTATION('',(#1176),#1180);
#1176 = LINE('',#1177,#1178);
#1177 = CARTESIAN_POINT('',(3.,113.));
#1178 = VECTOR('',#1179,1.);
#1179 = DIRECTION('',(0.,-1.));
#1180 = ( GEOMETRIC_REPRESENTATION_CONTEXT(2) 
PARAMETRIC_REPRESENTATION_CONTEXT() REPRESENTATION_CONTEXT('2D SPACE',''
  ) );
#1181 = PCURVE('',#1182,#1187);
#1182 = PLANE('',#1183);
#1183 = AXIS2_PLACEMENT_3D('',#1184,#1185,#1186);
#1184 = CARTESIAN_POINT('',(-88.5,121.31264777172,-23.99662624552));
#1185 = DIRECTION('',(-1.,0.,0.));
#1186 = DIRECTION('',(0.,-0.978147600734,0.207911690818));
#1187 = DEFINITIONAL_REPRESENTATION('',(#1188),#1192);
#1188 = LINE('',#1189,#1190);
#1189 = CARTESIAN_POINT('',(0.,0.));
#1190 = VECTOR('',#1191,1.);
#1191 = DIRECTION('',(1.,0.));
#1192 = ( GEOMETRIC_REPRESENTATION_CONTEXT(2) 
PARAMETRIC_REPRESENTATION_CONTEXT() REPRESENTATION_CONTEXT('2D SPACE',''
  ) );
#1193 = ORIENTED_EDGE('',*,*,#1194,.F.);
#1194 = EDGE_CURVE('',#1195,#1167,#1197,.T.);
#1195 = VERTEX_POINT('',#1196);
#1196 = CARTESIAN_POINT('',(88.5,121.31264777172,-23.99662624552));
#1197 = SURFACE_CURVE('',#1198,(#1202,#1209),.PCURVE_S1.);
#1198 = LINE('',#1199,#1200);
#1199 = CARTESIAN_POINT('',(88.5,121.31264777172,-23.99662624552));
#1200 = VECTOR('',#1201,1.);
#1201 = DIRECTION('',(-1.,0.,0.));
#1202 = PCURVE('',#288,#1203);
#1203 = DEFINITIONAL_REPRESENTATION('',(#1204),#1208);
#1204 = LINE('',#1205,#1206);
#1205 = CARTESIAN_POINT('',(180.,113.));
#1206 = VECTOR('',#1207,1.);
#1207 = DIRECTION('',(-1.,0.));
#1208 = ( GEOMETRIC_REPRESENTATION_CONTEXT(2) 
PARAMETRIC_REPRESENTATION_CONTEXT() REPRESENTATION_CONTEXT('2D SPACE',''
  ) );
#1209 = PCURVE('',#1210,#1215);
#1210 = PLANE('',#1211);
#1211 = AXIS2_PLACEMENT_3D('',#1212,#1213,#1214);
#1212 = CARTESIAN_POINT('',(88.5,121.31264777172,-23.99662624552));
#1213 = DIRECTION('',(0.,0.978147600734,-0.207911690818));
#1214 = DIRECTION('',(-1.,0.,0.));
#1215 = DEFINITIONAL_REPRESENTATION('',(#1216),#1220);
#1216 = LINE('',#1217,#1218);
#1217 = CARTESIAN_POINT('',(0.,0.));
#1218 = VECTOR('',#1219,1.);
#1219 = DIRECTION('',(1.,0.));
#1220 = ( GEOMETRIC_REPRESENTATION_CONTEXT(2) 
PARAMETRIC_REPRESENTATION_CONTEXT() REPRESENTATION_CONTEXT('2D SPACE',''
  ) );
#1221 = ORIENTED_EDGE('',*,*,#1222,.F.);
#1222 = EDGE_CURVE('',#1223,#1195,#1225,.T.);
#1223 = VERTEX_POINT('',#1224);
#1224 = CARTESIAN_POINT('',(88.5,13.71641169101,-1.126340255576));
#1225 = SURFACE_CURVE('',#1226,(#1230,#1237),.PCURVE_S1.);
#1226 = LINE('',#1227,#1228);
#1227 = CARTESIAN_POINT('',(88.5,13.71641169101,-1.126340255576));
#1228 = VECTOR('',#1229,1.);
#1229 = DIRECTION('',(0.,0.978147600734,-0.207911690818));
#1230 = PCURVE('',#288,#1231);
#1231 = DEFINITIONAL_REPRESENTATION('',(#1232),#1236);
#1232 = LINE('',#1233,#1234);
#1233 = CARTESIAN_POINT('',(180.,3.));
#1234 = VECTOR('',#1235,1.);
#1235 = DIRECTION('',(0.,1.));
#1236 = ( GEOMETRIC_REPRESENTATION_CONTEXT(2) 
PARAMETRIC_REPRESENTATION_CONTEXT() REPRESENTATION_CONTEXT('2D SPACE',''
  ) );
#1237 = PCURVE('',#1238,#1243);
#1238 = PLANE('',#1239);
#1239 = AXIS2_PLACEMENT_3D('',#1240,#1241,#1242);
#1240 = CARTESIAN_POINT('',(88.5,13.71641169101,-1.126340255576));
#1241 = DIRECTION('',(1.,0.,0.));
#1242 = DIRECTION('',(0.,0.978147600734,-0.207911690818));
#1243 = DEFINITIONAL_REPRESENTATION('',(#1244),#1248);
#1244 = LINE('',#1245,#1246);
#1245 = CARTESIAN_POINT('',(0.,0.));
#1246 = VECTOR('',#1247,1.);
#1247 = DIRECTION('',(1.,0.));
#1248 = ( GEOMETRIC_REPRESENTATION_CONTEXT(2) 
PARAMETRIC_REPRESENTATION_CONTEXT() REPRESENTATION_CONTEXT('2D SPACE',''
  ) );
#1249 = ORIENTED_EDGE('',*,*,#1250,.F.);
#1250 = EDGE_CURVE('',#1251,#1223,#1253,.T.);
#1251 = VERTEX_POINT('',#1252);
#1252 = CARTESIAN_POINT('',(85.5,13.71641169101,-1.126340255576));
#1253 = SURFACE_CURVE('',#1254,(#1258,#1265),.PCURVE_S1.);
#1254 = LINE('',#1255,#1256);
#1255 = CARTESIAN_POINT('',(-88.5,13.71641169101,-1.126340255576));
#1256 = VECTOR('',#1257,1.);
#1257 = DIRECTION('',(1.,0.,0.));
#1258 = PCURVE('',#288,#1259);
#1259 = DEFINITIONAL_REPRESENTATION('',(#1260),#1264);
#1260 = LINE('',#1261,#1262);
#1261 = CARTESIAN_POINT('',(3.,3.));
#1262 = VECTOR('',#1263,1.);
#1263 = DIRECTION('',(1.,0.));
#1264 = ( GEOMETRIC_REPRESENTATION_CONTEXT(2) 
PARAMETRIC_REPRESENTATION_CONTEXT() REPRESENTATION_CONTEXT('2D SPACE',''
  ) );
#1265 = PCURVE('',#1266,#1271);
#1266 = PLANE('',#1267);
#1267 = AXIS2_PLACEMENT_3D('',#1268,#1269,#1270);
#1268 = CARTESIAN_POINT('',(-88.5,13.71641169101,-1.126340255576));
#1269 = DIRECTION('',(0.,-0.978147600734,0.207911690818));
#1270 = DIRECTION('',(1.,0.,0.));
#1271 = DEFINITIONAL_REPRESENTATION('',(#1272),#1276);
#1272 = LINE('',#1273,#1274);
#1273 = CARTESIAN_POINT('',(0.,0.));
#1274 = VECTOR('',#1275,1.);
#1275 = DIRECTION('',(1.,0.));
#1276 = ( GEOMETRIC_REPRESENTATION_CONTEXT(2) 
PARAMETRIC_REPRESENTATION_CONTEXT() REPRESENTATION_CONTEXT('2D SPACE',''
  ) );
#1277 = ORIENTED_EDGE('',*,*,#1278,.F.);
#1278 = EDGE_CURVE('',#1279,#1251,#1281,.T.);
#1279 = VERTEX_POINT('',#1280);
#1280 = CARTESIAN_POINT('',(85.5,11.530268142158,-0.661661099515));
#1281 = SURFACE_CURVE('',#1282,(#1286,#1292),.PCURVE_S1.);
#1282 = LINE('',#1283,#1284);
#1283 = CARTESIAN_POINT('',(85.5,11.675308953831,-0.692490475746));
#1284 = VECTOR('',#1285,1.);
#1285 = DIRECTION('',(0.,0.978147600734,-0.207911690818));
#1286 = PCURVE('',#288,#1287);
#1287 = DEFINITIONAL_REPRESENTATION('',(#1288),#1291);
#1288 = B_SPLINE_CURVE_WITH_KNOTS('',1,(#1289,#1290),.UNSPECIFIED.,.F.,
  .F.,(2,2),(-0.313297813492,3.820218075316),.PIECEWISE_BEZIER_KNOTS.);
#1289 = CARTESIAN_POINT('',(177.,0.6));
#1290 = CARTESIAN_POINT('',(177.,4.733515888808));
#1291 = ( GEOMETRIC_REPRESENTATION_CONTEXT(2) 
PARAMETRIC_REPRESENTATION_CONTEXT() REPRESENTATION_CONTEXT('2D SPACE',''
  ) );
#1292 = PCURVE('',#367,#1293);
#1293 = DEFINITIONAL_REPRESENTATION('',(#1294),#1297);
#1294 = B_SPLINE_CURVE_WITH_KNOTS('',1,(#1295,#1296),.UNSPECIFIED.,.F.,
  .F.,(2,2),(-0.313297813492,3.820218075316),.PIECEWISE_BEZIER_KNOTS.);
#1295 = CARTESIAN_POINT('',(36.997120052775,-6.609982127161));
#1296 = CARTESIAN_POINT('',(36.137713775311,-10.65317077639));
#1297 = ( GEOMETRIC_REPRESENTATION_CONTEXT(2) 
PARAMETRIC_REPRESENTATION_CONTEXT() REPRESENTATION_CONTEXT('2D SPACE',''
  ) );
#1298 = ORIENTED_EDGE('',*,*,#1299,.F.);
#1299 = EDGE_CURVE('',#1300,#1279,#1302,.T.);
#1300 = VERTEX_POINT('',#1301);
#1301 = CARTESIAN_POINT('',(90.9,18.118075894312,-2.061942864256));
#1302 = SURFACE_CURVE('',#1303,(#1308,#1319),.PCURVE_S1.);
#1303 = CIRCLE('',#1304,6.9);
#1304 = AXIS2_PLACEMENT_3D('',#1305,#1306,#1307);
#1305 = CARTESIAN_POINT('',(84.,18.118075894312,-2.061942864256));
#1306 = DIRECTION('',(0.,-0.207911690818,-0.978147600734));
#1307 = DIRECTION('',(1.,0.,0.));
#1308 = PCURVE('',#288,#1309);
#1309 = DEFINITIONAL_REPRESENTATION('',(#1310),#1318);
#1310 = ( BOUNDED_CURVE() B_SPLINE_CURVE(2,(#1311,#1312,#1313,#1314,
#1315,#1316,#1317),.UNSPECIFIED.,.T.,.F.) B_SPLINE_CURVE_WITH_KNOTS((1,2
    ,2,2,2,1),(-2.094395102393,0.,2.094395102393,4.188790204786,
6.28318530718,8.377580409573),.UNSPECIFIED.) CURVE() 
GEOMETRIC_REPRESENTATION_ITEM() RATIONAL_B_SPLINE_CURVE((1.,0.5,1.,0.5,
1.,0.5,1.)) REPRESENTATION_ITEM('') );
#1311 = CARTESIAN_POINT('',(182.4,7.5));
#1312 = CARTESIAN_POINT('',(182.4,-4.451150572225));
#1313 = CARTESIAN_POINT('',(172.05,1.524424713887));
#1314 = CARTESIAN_POINT('',(161.7,7.5));
#1315 = CARTESIAN_POINT('',(172.05,13.475575286113));
#1316 = CARTESIAN_POINT('',(182.4,19.451150572225));
#1317 = CARTESIAN_POINT('',(182.4,7.5));
#1318 = ( GEOMETRIC_REPRESENTATION_CONTEXT(2) 
PARAMETRIC_REPRESENTATION_CONTEXT() REPRESENTATION_CONTEXT('2D SPACE',''
  ) );
#1319 = PCURVE('',#1320,#1325);
#1320 = CONICAL_SURFACE('',#1321,7.5,0.785398163397);
#1321 = AXIS2_PLACEMENT_3D('',#1322,#1323,#1324);
#1322 = CARTESIAN_POINT('',(84.,17.993328879821,-2.648831424696));
#1323 = DIRECTION('',(-0.,-0.207911690818,-0.978147600734));
#1324 = DIRECTION('',(1.,0.,0.));
#1325 = DEFINITIONAL_REPRESENTATION('',(#1326),#1330);
#1326 = LINE('',#1327,#1328);
#1327 = CARTESIAN_POINT('',(0.,-0.6));
#1328 = VECTOR('',#1329,1.);
#1329 = DIRECTION('',(1.,-0.));
#1330 = ( GEOMETRIC_REPRESENTATION_CONTEXT(2) 
PARAMETRIC_REPRESENTATION_CONTEXT() REPRESENTATION_CONTEXT('2D SPACE',''
  ) );
#1331 = ORIENTED_EDGE('',*,*,#1332,.F.);
#1332 = EDGE_CURVE('',#1333,#1300,#1335,.T.);
#1333 = VERTEX_POINT('',#1334);
#1334 = CARTESIAN_POINT('',(90.9,116.91098356842,-23.06102363684));
#1335 = SURFACE_CURVE('',#1336,(#1340,#1347),.PCURVE_S1.);
#1336 = LINE('',#1337,#1338);
#1337 = CARTESIAN_POINT('',(90.9,116.91098356842,-23.06102363684));
#1338 = VECTOR('',#1339,1.);
#1339 = DIRECTION('',(-0.,-0.978147600734,0.207911690818));
#1340 = PCURVE('',#288,#1341);
#1341 = DEFINITIONAL_REPRESENTATION('',(#1342),#1346);
#1342 = LINE('',#1343,#1344);
#1343 = CARTESIAN_POINT('',(182.4,108.5));
#1344 = VECTOR('',#1345,1.);
#1345 = DIRECTION('',(0.,-1.));
#1346 = ( GEOMETRIC_REPRESENTATION_CONTEXT(2) 
PARAMETRIC_REPRESENTATION_CONTEXT() REPRESENTATION_CONTEXT('2D SPACE',''
  ) );
#1347 = PCURVE('',#1348,#1353);
#1348 = PLANE('',#1349);
#1349 = AXIS2_PLACEMENT_3D('',#1350,#1351,#1352);
#1350 = CARTESIAN_POINT('',(91.2,116.84861006118,-23.35446791706));
#1351 = DIRECTION('',(0.707106781187,0.147015766465,0.69165480148));
#1352 = DIRECTION('',(-0.,0.978147600734,-0.207911690818));
#1353 = DEFINITIONAL_REPRESENTATION('',(#1354),#1358);
#1354 = LINE('',#1355,#1356);
#1355 = CARTESIAN_POINT('',(-2.296773882193E-15,0.424264068712));
#1356 = VECTOR('',#1357,1.);
#1357 = DIRECTION('',(-1.,-2.775557561563E-17));
#1358 = ( GEOMETRIC_REPRESENTATION_CONTEXT(2) 
PARAMETRIC_REPRESENTATION_CONTEXT() REPRESENTATION_CONTEXT('2D SPACE',''
  ) );
#1359 = ORIENTED_EDGE('',*,*,#1360,.F.);
#1360 = EDGE_CURVE('',#1361,#1333,#1363,.T.);
#1361 = VERTEX_POINT('',#1362);
#1362 = CARTESIAN_POINT('',(84.,123.66020201349,-24.49561430349));
#1363 = SURFACE_CURVE('',#1364,(#1369,#1380),.PCURVE_S1.);
#1364 = CIRCLE('',#1365,6.9);
#1365 = AXIS2_PLACEMENT_3D('',#1366,#1367,#1368);
#1366 = CARTESIAN_POINT('',(84.,116.91098356842,-23.06102363684));
#1367 = DIRECTION('',(0.,-0.207911690818,-0.978147600734));
#1368 = DIRECTION('',(0.,0.978147600734,-0.207911690818));
#1369 = PCURVE('',#288,#1370);
#1370 = DEFINITIONAL_REPRESENTATION('',(#1371),#1379);
#1371 = ( BOUNDED_CURVE() B_SPLINE_CURVE(2,(#1372,#1373,#1374,#1375,
#1376,#1377,#1378),.UNSPECIFIED.,.T.,.F.) B_SPLINE_CURVE_WITH_KNOTS((1,2
    ,2,2,2,1),(-2.094395102393,0.,2.094395102393,4.188790204786,
6.28318530718,8.377580409573),.UNSPECIFIED.) CURVE() 
GEOMETRIC_REPRESENTATION_ITEM() RATIONAL_B_SPLINE_CURVE((1.,0.5,1.,0.5,
1.,0.5,1.)) REPRESENTATION_ITEM('') );
#1372 = CARTESIAN_POINT('',(175.5,115.4));
#1373 = CARTESIAN_POINT('',(187.45115057222,115.4));
#1374 = CARTESIAN_POINT('',(181.47557528611,105.05));
#1375 = CARTESIAN_POINT('',(175.5,94.7));
#1376 = CARTESIAN_POINT('',(169.52442471388,105.05));
#1377 = CARTESIAN_POINT('',(163.54884942777,115.4));
#1378 = CARTESIAN_POINT('',(175.5,115.4));
#1379 = ( GEOMETRIC_REPRESENTATION_CONTEXT(2) 
PARAMETRIC_REPRESENTATION_CONTEXT() REPRESENTATION_CONTEXT('2D SPACE',''
  ) );
#1380 = PCURVE('',#1381,#1386);
#1381 = CONICAL_SURFACE('',#1382,7.5,0.785398163397);
#1382 = AXIS2_PLACEMENT_3D('',#1383,#1384,#1385);
#1383 = CARTESIAN_POINT('',(84.,116.78623655393,-23.64791219729));
#1384 = DIRECTION('',(-0.,-0.207911690818,-0.978147600734));
#1385 = DIRECTION('',(0.,0.978147600734,-0.207911690818));
#1386 = DEFINITIONAL_REPRESENTATION('',(#1387),#1391);
#1387 = LINE('',#1388,#1389);
#1388 = CARTESIAN_POINT('',(0.,-0.6));
#1389 = VECTOR('',#1390,1.);
#1390 = DIRECTION('',(1.,-0.));
#1391 = ( GEOMETRIC_REPRESENTATION_CONTEXT(2) 
PARAMETRIC_REPRESENTATION_CONTEXT() REPRESENTATION_CONTEXT('2D SPACE',''
  ) );
#1392 = ORIENTED_EDGE('',*,*,#1393,.F.);
#1393 = EDGE_CURVE('',#1394,#1361,#1396,.T.);
#1394 = VERTEX_POINT('',#1395);
#1395 = CARTESIAN_POINT('',(-84.,123.66020201349,-24.49561430349));
#1396 = SURFACE_CURVE('',#1397,(#1401,#1408),.PCURVE_S1.);
#1397 = LINE('',#1398,#1399);
#1398 = CARTESIAN_POINT('',(-84.,123.66020201349,-24.49561430349));
#1399 = VECTOR('',#1400,1.);
#1400 = DIRECTION('',(1.,0.,0.));
#1401 = PCURVE('',#288,#1402);
#1402 = DEFINITIONAL_REPRESENTATION('',(#1403),#1407);
#1403 = LINE('',#1404,#1405);
#1404 = CARTESIAN_POINT('',(7.5,115.4));
#1405 = VECTOR('',#1406,1.);
#1406 = DIRECTION('',(1.,0.));
#1407 = ( GEOMETRIC_REPRESENTATION_CONTEXT(2) 
PARAMETRIC_REPRESENTATION_CONTEXT() REPRESENTATION_CONTEXT('2D SPACE',''
  ) );
#1408 = PCURVE('',#1409,#1414);
#1409 = PLANE('',#1410);
#1410 = AXIS2_PLACEMENT_3D('',#1411,#1412,#1413);
#1411 = CARTESIAN_POINT('',(-84.,123.89127278646,-24.85143209095));
#1412 = DIRECTION('',(0.,0.838670567945,0.544639035015));
#1413 = DIRECTION('',(-1.,-0.,-0.));
#1414 = DEFINITIONAL_REPRESENTATION('',(#1415),#1419);
#1415 = LINE('',#1416,#1417);
#1416 = CARTESIAN_POINT('',(-0.,0.424264068712));
#1417 = VECTOR('',#1418,1.);
#1418 = DIRECTION('',(-1.,0.));
#1419 = ( GEOMETRIC_REPRESENTATION_CONTEXT(2) 
PARAMETRIC_REPRESENTATION_CONTEXT() REPRESENTATION_CONTEXT('2D SPACE',''
  ) );
#1420 = ORIENTED_EDGE('',*,*,#1421,.F.);
#1421 = EDGE_CURVE('',#247,#1394,#1422,.T.);
#1422 = SURFACE_CURVE('',#1423,(#1428,#1439),.PCURVE_S1.);
#1423 = CIRCLE('',#1424,6.9);
#1424 = AXIS2_PLACEMENT_3D('',#1425,#1426,#1427);
#1425 = CARTESIAN_POINT('',(-84.,116.91098356842,-23.06102363684));
#1426 = DIRECTION('',(-0.,-0.207911690818,-0.978147600734));
#1427 = DIRECTION('',(-1.,0.,0.));
#1428 = PCURVE('',#288,#1429);
#1429 = DEFINITIONAL_REPRESENTATION('',(#1430),#1438);
#1430 = ( BOUNDED_CURVE() B_SPLINE_CURVE(2,(#1431,#1432,#1433,#1434,
#1435,#1436,#1437),.UNSPECIFIED.,.T.,.F.) B_SPLINE_CURVE_WITH_KNOTS((1,2
    ,2,2,2,1),(-2.094395102393,0.,2.094395102393,4.188790204786,
6.28318530718,8.377580409573),.UNSPECIFIED.) CURVE() 
GEOMETRIC_REPRESENTATION_ITEM() RATIONAL_B_SPLINE_CURVE((1.,0.5,1.,0.5,
1.,0.5,1.)) REPRESENTATION_ITEM('') );
#1431 = CARTESIAN_POINT('',(0.6,108.5));
#1432 = CARTESIAN_POINT('',(0.6,120.45115057222));
#1433 = CARTESIAN_POINT('',(10.95,114.47557528611));
#1434 = CARTESIAN_POINT('',(21.3,108.5));
#1435 = CARTESIAN_POINT('',(10.95,102.52442471388));
#1436 = CARTESIAN_POINT('',(0.6,96.548849427775));
#1437 = CARTESIAN_POINT('',(0.6,108.5));
#1438 = ( GEOMETRIC_REPRESENTATION_CONTEXT(2) 
PARAMETRIC_REPRESENTATION_CONTEXT() REPRESENTATION_CONTEXT('2D SPACE',''
  ) );
#1439 = PCURVE('',#262,#1440);
#1440 = DEFINITIONAL_REPRESENTATION('',(#1441),#1445);
#1441 = LINE('',#1442,#1443);
#1442 = CARTESIAN_POINT('',(0.,-0.6));
#1443 = VECTOR('',#1444,1.);
#1444 = DIRECTION('',(1.,-0.));
#1445 = ( GEOMETRIC_REPRESENTATION_CONTEXT(2) 
PARAMETRIC_REPRESENTATION_CONTEXT() REPRESENTATION_CONTEXT('2D SPACE',''
  ) );
#1446 = ADVANCED_FACE('',(#1447),#262,.T.);
#1447 = FACE_BOUND('',#1448,.F.);
#1448 = EDGE_LOOP('',(#1449,#1450,#1451,#1472));
#1449 = ORIENTED_EDGE('',*,*,#246,.F.);
#1450 = ORIENTED_EDGE('',*,*,#664,.T.);
#1451 = ORIENTED_EDGE('',*,*,#1452,.T.);
#1452 = EDGE_CURVE('',#642,#1394,#1453,.T.);
#1453 = SURFACE_CURVE('',#1454,(#1458,#1465),.PCURVE_S1.);
#1454 = LINE('',#1455,#1456);
#1455 = CARTESIAN_POINT('',(-84.,124.12234355943,-25.20724987842));
#1456 = VECTOR('',#1457,1.);
#1457 = DIRECTION('',(4.329780281177E-17,-0.544639035015,0.838670567945)
  );
#1458 = PCURVE('',#262,#1459);
#1459 = DEFINITIONAL_REPRESENTATION('',(#1460),#1464);
#1460 = LINE('',#1461,#1462);
#1461 = CARTESIAN_POINT('',(1.570796326795,-0.));
#1462 = VECTOR('',#1463,1.);
#1463 = DIRECTION('',(0.,-1.));
#1464 = ( GEOMETRIC_REPRESENTATION_CONTEXT(2) 
PARAMETRIC_REPRESENTATION_CONTEXT() REPRESENTATION_CONTEXT('2D SPACE',''
  ) );
#1465 = PCURVE('',#1409,#1466);
#1466 = DEFINITIONAL_REPRESENTATION('',(#1467),#1471);
#1467 = LINE('',#1468,#1469);
#1468 = CARTESIAN_POINT('',(-0.,-0.424264068712));
#1469 = VECTOR('',#1470,1.);
#1470 = DIRECTION('',(-4.329780281177E-17,1.));
#1471 = ( GEOMETRIC_REPRESENTATION_CONTEXT(2) 
PARAMETRIC_REPRESENTATION_CONTEXT() REPRESENTATION_CONTEXT('2D SPACE',''
  ) );
#1472 = ORIENTED_EDGE('',*,*,#1421,.F.);
#1473 = ADVANCED_FACE('',(#1474),#484,.T.);
#1474 = FACE_BOUND('',#1475,.T.);
#1475 = EDGE_LOOP('',(#1476,#1477,#1500,#1521));
#1476 = ORIENTED_EDGE('',*,*,#641,.T.);
#1477 = ORIENTED_EDGE('',*,*,#1478,.T.);
#1478 = EDGE_CURVE('',#642,#1479,#1481,.T.);
#1479 = VERTEX_POINT('',#1480);
#1480 = CARTESIAN_POINT('',(84.,124.12234355943,-25.20724987842));
#1481 = SURFACE_CURVE('',#1482,(#1486,#1493),.PCURVE_S1.);
#1482 = LINE('',#1483,#1484);
#1483 = CARTESIAN_POINT('',(-84.,124.12234355943,-25.20724987842));
#1484 = VECTOR('',#1485,1.);
#1485 = DIRECTION('',(1.,0.,0.));
#1486 = PCURVE('',#484,#1487);
#1487 = DEFINITIONAL_REPRESENTATION('',(#1488),#1492);
#1488 = LINE('',#1489,#1490);
#1489 = CARTESIAN_POINT('',(22.4,7.5));
#1490 = VECTOR('',#1491,1.);
#1491 = DIRECTION('',(0.,1.));
#1492 = ( GEOMETRIC_REPRESENTATION_CONTEXT(2) 
PARAMETRIC_REPRESENTATION_CONTEXT() REPRESENTATION_CONTEXT('2D SPACE',''
  ) );
#1493 = PCURVE('',#1409,#1494);
#1494 = DEFINITIONAL_REPRESENTATION('',(#1495),#1499);
#1495 = LINE('',#1496,#1497);
#1496 = CARTESIAN_POINT('',(-0.,-0.424264068712));
#1497 = VECTOR('',#1498,1.);
#1498 = DIRECTION('',(-1.,0.));
#1499 = ( GEOMETRIC_REPRESENTATION_CONTEXT(2) 
PARAMETRIC_REPRESENTATION_CONTEXT() REPRESENTATION_CONTEXT('2D SPACE',''
  ) );
#1500 = ORIENTED_EDGE('',*,*,#1501,.F.);
#1501 = EDGE_CURVE('',#440,#1479,#1502,.T.);
#1502 = SURFACE_CURVE('',#1503,(#1507,#1514),.PCURVE_S1.);
#1503 = LINE('',#1504,#1505);
#1504 = CARTESIAN_POINT('',(84.,119.46512168512,-47.11775613486));
#1505 = VECTOR('',#1506,1.);
#1506 = DIRECTION('',(0.,0.207911690818,0.978147600734));
#1507 = PCURVE('',#484,#1508);
#1508 = DEFINITIONAL_REPRESENTATION('',(#1509),#1513);
#1509 = LINE('',#1510,#1511);
#1510 = CARTESIAN_POINT('',(0.,175.5));
#1511 = VECTOR('',#1512,1.);
#1512 = DIRECTION('',(1.,0.));
#1513 = ( GEOMETRIC_REPRESENTATION_CONTEXT(2) 
PARAMETRIC_REPRESENTATION_CONTEXT() REPRESENTATION_CONTEXT('2D SPACE',''
  ) );
#1514 = PCURVE('',#456,#1515);
#1515 = DEFINITIONAL_REPRESENTATION('',(#1516),#1520);
#1516 = LINE('',#1517,#1518);
#1517 = CARTESIAN_POINT('',(1.570796326795,0.));
#1518 = VECTOR('',#1519,1.);
#1519 = DIRECTION('',(0.,1.));
#1520 = ( GEOMETRIC_REPRESENTATION_CONTEXT(2) 
PARAMETRIC_REPRESENTATION_CONTEXT() REPRESENTATION_CONTEXT('2D SPACE',''
  ) );
#1521 = ORIENTED_EDGE('',*,*,#468,.F.);
#1522 = ADVANCED_FACE('',(#1523),#456,.T.);
#1523 = FACE_BOUND('',#1524,.T.);
#1524 = EDGE_LOOP('',(#1525,#1548,#1549,#1550));
#1525 = ORIENTED_EDGE('',*,*,#1526,.F.);
#1526 = EDGE_CURVE('',#412,#1527,#1529,.T.);
#1527 = VERTEX_POINT('',#1528);
#1528 = CARTESIAN_POINT('',(91.5,116.78623655393,-23.64791219729));
#1529 = SURFACE_CURVE('',#1530,(#1534,#1541),.PCURVE_S1.);
#1530 = LINE('',#1531,#1532);
#1531 = CARTESIAN_POINT('',(91.5,112.12901467961,-45.55841845372));
#1532 = VECTOR('',#1533,1.);
#1533 = DIRECTION('',(0.,0.207911690818,0.978147600734));
#1534 = PCURVE('',#456,#1535);
#1535 = DEFINITIONAL_REPRESENTATION('',(#1536),#1540);
#1536 = LINE('',#1537,#1538);
#1537 = CARTESIAN_POINT('',(0.,0.));
#1538 = VECTOR('',#1539,1.);
#1539 = DIRECTION('',(0.,1.));
#1540 = ( GEOMETRIC_REPRESENTATION_CONTEXT(2) 
PARAMETRIC_REPRESENTATION_CONTEXT() REPRESENTATION_CONTEXT('2D SPACE',''
  ) );
#1541 = PCURVE('',#427,#1542);
#1542 = DEFINITIONAL_REPRESENTATION('',(#1543),#1547);
#1543 = LINE('',#1544,#1545);
#1544 = CARTESIAN_POINT('',(0.,-108.5));
#1545 = VECTOR('',#1546,1.);
#1546 = DIRECTION('',(1.,0.));
#1547 = ( GEOMETRIC_REPRESENTATION_CONTEXT(2) 
PARAMETRIC_REPRESENTATION_CONTEXT() REPRESENTATION_CONTEXT('2D SPACE',''
  ) );
#1548 = ORIENTED_EDGE('',*,*,#439,.T.);
#1549 = ORIENTED_EDGE('',*,*,#1501,.T.);
#1550 = ORIENTED_EDGE('',*,*,#1551,.T.);
#1551 = EDGE_CURVE('',#1479,#1527,#1552,.T.);
#1552 = SURFACE_CURVE('',#1553,(#1558,#1565),.PCURVE_S1.);
#1553 = CIRCLE('',#1554,7.5);
#1554 = AXIS2_PLACEMENT_3D('',#1555,#1556,#1557);
#1555 = CARTESIAN_POINT('',(84.,116.78623655393,-23.64791219729));
#1556 = DIRECTION('',(0.,-0.207911690818,-0.978147600734));
#1557 = DIRECTION('',(0.,0.978147600734,-0.207911690818));
#1558 = PCURVE('',#456,#1559);
#1559 = DEFINITIONAL_REPRESENTATION('',(#1560),#1564);
#1560 = LINE('',#1561,#1562);
#1561 = CARTESIAN_POINT('',(1.570796326795,22.4));
#1562 = VECTOR('',#1563,1.);
#1563 = DIRECTION('',(-1.,-0.));
#1564 = ( GEOMETRIC_REPRESENTATION_CONTEXT(2) 
PARAMETRIC_REPRESENTATION_CONTEXT() REPRESENTATION_CONTEXT('2D SPACE',''
  ) );
#1565 = PCURVE('',#1381,#1566);
#1566 = DEFINITIONAL_REPRESENTATION('',(#1567),#1571);
#1567 = LINE('',#1568,#1569);
#1568 = CARTESIAN_POINT('',(0.,-0.));
#1569 = VECTOR('',#1570,1.);
#1570 = DIRECTION('',(1.,-0.));
#1571 = ( GEOMETRIC_REPRESENTATION_CONTEXT(2) 
PARAMETRIC_REPRESENTATION_CONTEXT() REPRESENTATION_CONTEXT('2D SPACE',''
  ) );
#1572 = ADVANCED_FACE('',(#1573),#427,.T.);
#1573 = FACE_BOUND('',#1574,.T.);
#1574 = EDGE_LOOP('',(#1575,#1598,#1599,#1600));
#1575 = ORIENTED_EDGE('',*,*,#1576,.F.);
#1576 = EDGE_CURVE('',#379,#1577,#1579,.T.);
#1577 = VERTEX_POINT('',#1578);
#1578 = CARTESIAN_POINT('',(91.5,17.993328879821,-2.648831424696));
#1579 = SURFACE_CURVE('',#1580,(#1584,#1591),.PCURVE_S1.);
#1580 = LINE('',#1581,#1582);
#1581 = CARTESIAN_POINT('',(91.5,13.336107005504,-24.55933768113));
#1582 = VECTOR('',#1583,1.);
#1583 = DIRECTION('',(0.,0.207911690818,0.978147600734));
#1584 = PCURVE('',#427,#1585);
#1585 = DEFINITIONAL_REPRESENTATION('',(#1586),#1590);
#1586 = LINE('',#1587,#1588);
#1587 = CARTESIAN_POINT('',(1.33226762955E-15,-7.5));
#1588 = VECTOR('',#1589,1.);
#1589 = DIRECTION('',(1.,0.));
#1590 = ( GEOMETRIC_REPRESENTATION_CONTEXT(2) 
PARAMETRIC_REPRESENTATION_CONTEXT() REPRESENTATION_CONTEXT('2D SPACE',''
  ) );
#1591 = PCURVE('',#399,#1592);
#1592 = DEFINITIONAL_REPRESENTATION('',(#1593),#1597);
#1593 = LINE('',#1594,#1595);
#1594 = CARTESIAN_POINT('',(-0.,0.));
#1595 = VECTOR('',#1596,1.);
#1596 = DIRECTION('',(-0.,1.));
#1597 = ( GEOMETRIC_REPRESENTATION_CONTEXT(2) 
PARAMETRIC_REPRESENTATION_CONTEXT() REPRESENTATION_CONTEXT('2D SPACE',''
  ) );
#1598 = ORIENTED_EDGE('',*,*,#411,.T.);
#1599 = ORIENTED_EDGE('',*,*,#1526,.T.);
#1600 = ORIENTED_EDGE('',*,*,#1601,.T.);
#1601 = EDGE_CURVE('',#1527,#1577,#1602,.T.);
#1602 = SURFACE_CURVE('',#1603,(#1607,#1614),.PCURVE_S1.);
#1603 = LINE('',#1604,#1605);
#1604 = CARTESIAN_POINT('',(91.5,116.78623655393,-23.64791219729));
#1605 = VECTOR('',#1606,1.);
#1606 = DIRECTION('',(-0.,-0.978147600734,0.207911690818));
#1607 = PCURVE('',#427,#1608);
#1608 = DEFINITIONAL_REPRESENTATION('',(#1609),#1613);
#1609 = LINE('',#1610,#1611);
#1610 = CARTESIAN_POINT('',(22.4,-108.5));
#1611 = VECTOR('',#1612,1.);
#1612 = DIRECTION('',(0.,1.));
#1613 = ( GEOMETRIC_REPRESENTATION_CONTEXT(2) 
PARAMETRIC_REPRESENTATION_CONTEXT() REPRESENTATION_CONTEXT('2D SPACE',''
  ) );
#1614 = PCURVE('',#1348,#1615);
#1615 = DEFINITIONAL_REPRESENTATION('',(#1616),#1620);
#1616 = LINE('',#1617,#1618);
#1617 = CARTESIAN_POINT('',(-1.233735336115E-14,-0.424264068712));
#1618 = VECTOR('',#1619,1.);
#1619 = DIRECTION('',(-1.,-2.775557561563E-17));
#1620 = ( GEOMETRIC_REPRESENTATION_CONTEXT(2) 
PARAMETRIC_REPRESENTATION_CONTEXT() REPRESENTATION_CONTEXT('2D SPACE',''
  ) );
#1621 = ADVANCED_FACE('',(#1622),#399,.T.);
#1622 = FACE_BOUND('',#1623,.F.);
#1623 = EDGE_LOOP('',(#1624,#1648,#1649,#1650));
#1624 = ORIENTED_EDGE('',*,*,#1625,.F.);
#1625 = EDGE_CURVE('',#1577,#1626,#1628,.T.);
#1626 = VERTEX_POINT('',#1627);
#1627 = CARTESIAN_POINT('',(85.5,10.805441335045,-1.120998762508));
#1628 = SURFACE_CURVE('',#1629,(#1634,#1641),.PCURVE_S1.);
#1629 = CIRCLE('',#1630,7.5);
#1630 = AXIS2_PLACEMENT_3D('',#1631,#1632,#1633);
#1631 = CARTESIAN_POINT('',(84.,17.993328879821,-2.648831424696));
#1632 = DIRECTION('',(0.,-0.207911690818,-0.978147600734));
#1633 = DIRECTION('',(1.,0.,0.));
#1634 = PCURVE('',#399,#1635);
#1635 = DEFINITIONAL_REPRESENTATION('',(#1636),#1640);
#1636 = LINE('',#1637,#1638);
#1637 = CARTESIAN_POINT('',(-0.,22.4));
#1638 = VECTOR('',#1639,1.);
#1639 = DIRECTION('',(-1.,0.));
#1640 = ( GEOMETRIC_REPRESENTATION_CONTEXT(2) 
PARAMETRIC_REPRESENTATION_CONTEXT() REPRESENTATION_CONTEXT('2D SPACE',''
  ) );
#1641 = PCURVE('',#1320,#1642);
#1642 = DEFINITIONAL_REPRESENTATION('',(#1643),#1647);
#1643 = LINE('',#1644,#1645);
#1644 = CARTESIAN_POINT('',(0.,-0.));
#1645 = VECTOR('',#1646,1.);
#1646 = DIRECTION('',(1.,-0.));
#1647 = ( GEOMETRIC_REPRESENTATION_CONTEXT(2) 
PARAMETRIC_REPRESENTATION_CONTEXT() REPRESENTATION_CONTEXT('2D SPACE',''
  ) );
#1648 = ORIENTED_EDGE('',*,*,#1576,.F.);
#1649 = ORIENTED_EDGE('',*,*,#378,.T.);
#1650 = ORIENTED_EDGE('',*,*,#1651,.T.);
#1651 = EDGE_CURVE('',#353,#1626,#1652,.T.);
#1652 = SURFACE_CURVE('',#1653,(#1657,#1663),.PCURVE_S1.);
#1653 = LINE('',#1654,#1655);
#1654 = CARTESIAN_POINT('',(85.5,6.148219460727,-23.03150501894));
#1655 = VECTOR('',#1656,1.);
#1656 = DIRECTION('',(0.,0.207911690818,0.978147600734));
#1657 = PCURVE('',#399,#1658);
#1658 = DEFINITIONAL_REPRESENTATION('',(#1659),#1662);
#1659 = B_SPLINE_CURVE_WITH_KNOTS('',1,(#1660,#1661),.UNSPECIFIED.,.F.,
  .F.,(2,2),(-6.000000004123E-07,22.4000006),.PIECEWISE_BEZIER_KNOTS.);
#1660 = CARTESIAN_POINT('',(-1.369438406005,-6.000000006343E-07));
#1661 = CARTESIAN_POINT('',(-1.369438406005,22.4000006));
#1662 = ( GEOMETRIC_REPRESENTATION_CONTEXT(2) 
PARAMETRIC_REPRESENTATION_CONTEXT() REPRESENTATION_CONTEXT('2D SPACE',''
  ) );
#1663 = PCURVE('',#367,#1664);
#1664 = DEFINITIONAL_REPRESENTATION('',(#1665),#1668);
#1665 = B_SPLINE_CURVE_WITH_KNOTS('',1,(#1666,#1667),.UNSPECIFIED.,.F.,
  .F.,(2,2),(-6.000000004123E-07,22.4000006),.PIECEWISE_BEZIER_KNOTS.);
#1666 = CARTESIAN_POINT('',(14.592966644555,-1.389344013893));
#1667 = CARTESIAN_POINT('',(36.503474074769,-6.046566137705));
#1668 = ( GEOMETRIC_REPRESENTATION_CONTEXT(2) 
PARAMETRIC_REPRESENTATION_CONTEXT() REPRESENTATION_CONTEXT('2D SPACE',''
  ) );
#1669 = ADVANCED_FACE('',(#1670),#367,.T.);
#1670 = FACE_BOUND('',#1671,.T.);
#1671 = EDGE_LOOP('',(#1672,#1707,#1735,#1764,#1792,#1825,#1846,#1847,
    #1848,#1873,#1874,#1895,#1916,#1939,#1963,#1986,#2015));
#1672 = ORIENTED_EDGE('',*,*,#1673,.F.);
#1673 = EDGE_CURVE('',#1674,#1676,#1678,.T.);
#1674 = VERTEX_POINT('',#1675);
#1675 = CARTESIAN_POINT('',(85.5,2.,-79.11775613486));
#1676 = VERTEX_POINT('',#1677);
#1677 = CARTESIAN_POINT('',(85.5,-4.440892098501E-16,-77.11775613486));
#1678 = SURFACE_CURVE('',#1679,(#1684,#1695),.PCURVE_S1.);
#1679 = CIRCLE('',#1680,2.);
#1680 = AXIS2_PLACEMENT_3D('',#1681,#1682,#1683);
#1681 = CARTESIAN_POINT('',(85.5,2.,-77.11775613486));
#1682 = DIRECTION('',(-1.,0.,-0.));
#1683 = DIRECTION('',(-0.,0.,1.));
#1684 = PCURVE('',#367,#1685);
#1685 = DEFINITIONAL_REPRESENTATION('',(#1686),#1694);
#1686 = ( BOUNDED_CURVE() B_SPLINE_CURVE(2,(#1687,#1688,#1689,#1690,
#1691,#1692,#1693),.UNSPECIFIED.,.T.,.F.) B_SPLINE_CURVE_WITH_KNOTS((1,2
    ,2,2,2,1),(-2.094395102393,0.,2.094395102393,4.188790204786,
6.28318530718,8.377580409573),.UNSPECIFIED.) CURVE() 
GEOMETRIC_REPRESENTATION_ITEM() RATIONAL_B_SPLINE_CURVE((1.,0.5,1.,0.5,
1.,0.5,1.)) REPRESENTATION_ITEM('') );
#1687 = CARTESIAN_POINT('',(-37.49328388447,2.758875322087));
#1688 = CARTESIAN_POINT('',(-37.49328388447,-0.70522629305));
#1689 = CARTESIAN_POINT('',(-40.49328388447,1.026824514518));
#1690 = CARTESIAN_POINT('',(-43.49328388447,2.758875322087));
#1691 = CARTESIAN_POINT('',(-40.49328388447,4.490926129656));
#1692 = CARTESIAN_POINT('',(-37.49328388447,6.222976937225));
#1693 = CARTESIAN_POINT('',(-37.49328388447,2.758875322087));
#1694 = ( GEOMETRIC_REPRESENTATION_CONTEXT(2) 
PARAMETRIC_REPRESENTATION_CONTEXT() REPRESENTATION_CONTEXT('2D SPACE',''
  ) );
#1695 = PCURVE('',#1696,#1701);
#1696 = CYLINDRICAL_SURFACE('',#1697,2.);
#1697 = AXIS2_PLACEMENT_3D('',#1698,#1699,#1700);
#1698 = CARTESIAN_POINT('',(-85.5,2.,-77.11775613486));
#1699 = DIRECTION('',(1.,0.,0.));
#1700 = DIRECTION('',(0.,0.,-1.));
#1701 = DEFINITIONAL_REPRESENTATION('',(#1702),#1706);
#1702 = LINE('',#1703,#1704);
#1703 = CARTESIAN_POINT('',(3.14159265359,171.));
#1704 = VECTOR('',#1705,1.);
#1705 = DIRECTION('',(-1.,0.));
#1706 = ( GEOMETRIC_REPRESENTATION_CONTEXT(2) 
PARAMETRIC_REPRESENTATION_CONTEXT() REPRESENTATION_CONTEXT('2D SPACE',''
  ) );
#1707 = ORIENTED_EDGE('',*,*,#1708,.T.);
#1708 = EDGE_CURVE('',#1674,#1709,#1711,.T.);
#1709 = VERTEX_POINT('',#1710);
#1710 = CARTESIAN_POINT('',(85.5,4.,-79.11775613486));
#1711 = SURFACE_CURVE('',#1712,(#1716,#1723),.PCURVE_S1.);
#1712 = LINE('',#1713,#1714);
#1713 = CARTESIAN_POINT('',(85.5,0.,-79.11775613486));
#1714 = VECTOR('',#1715,1.);
#1715 = DIRECTION('',(0.,1.,0.));
#1716 = PCURVE('',#367,#1717);
#1717 = DEFINITIONAL_REPRESENTATION('',(#1718),#1722);
#1718 = LINE('',#1719,#1720);
#1719 = CARTESIAN_POINT('',(-41.49328388447,4.758875322087));
#1720 = VECTOR('',#1721,1.);
#1721 = DIRECTION('',(0.,-1.));
#1722 = ( GEOMETRIC_REPRESENTATION_CONTEXT(2) 
PARAMETRIC_REPRESENTATION_CONTEXT() REPRESENTATION_CONTEXT('2D SPACE',''
  ) );
#1723 = PCURVE('',#1724,#1729);
#1724 = PLANE('',#1725);
#1725 = AXIS2_PLACEMENT_3D('',#1726,#1727,#1728);
#1726 = CARTESIAN_POINT('',(-85.5,0.,-79.11775613486));
#1727 = DIRECTION('',(0.,0.,1.));
#1728 = DIRECTION('',(0.,1.,0.));
#1729 = DEFINITIONAL_REPRESENTATION('',(#1730),#1734);
#1730 = LINE('',#1731,#1732);
#1731 = CARTESIAN_POINT('',(0.,-171.));
#1732 = VECTOR('',#1733,1.);
#1733 = DIRECTION('',(1.,0.));
#1734 = ( GEOMETRIC_REPRESENTATION_CONTEXT(2) 
PARAMETRIC_REPRESENTATION_CONTEXT() REPRESENTATION_CONTEXT('2D SPACE',''
  ) );
#1735 = ORIENTED_EDGE('',*,*,#1736,.T.);
#1736 = EDGE_CURVE('',#1709,#1737,#1739,.T.);
#1737 = VERTEX_POINT('',#1738);
#1738 = CARTESIAN_POINT('',(85.5,6.,-77.11775613486));
#1739 = SURFACE_CURVE('',#1740,(#1745,#1752),.PCURVE_S1.);
#1740 = CIRCLE('',#1741,2.);
#1741 = AXIS2_PLACEMENT_3D('',#1742,#1743,#1744);
#1742 = CARTESIAN_POINT('',(85.5,4.,-77.11775613486));
#1743 = DIRECTION('',(1.,0.,0.));
#1744 = DIRECTION('',(-0.,0.,1.));
#1745 = PCURVE('',#367,#1746);
#1746 = DEFINITIONAL_REPRESENTATION('',(#1747),#1751);
#1747 = CIRCLE('',#1748,2.);
#1748 = AXIS2_PLACEMENT_2D('',#1749,#1750);
#1749 = CARTESIAN_POINT('',(-39.49328388447,0.758875322087));
#1750 = DIRECTION('',(1.,0.));
#1751 = ( GEOMETRIC_REPRESENTATION_CONTEXT(2) 
PARAMETRIC_REPRESENTATION_CONTEXT() REPRESENTATION_CONTEXT('2D SPACE',''
  ) );
#1752 = PCURVE('',#1753,#1758);
#1753 = CYLINDRICAL_SURFACE('',#1754,2.);
#1754 = AXIS2_PLACEMENT_3D('',#1755,#1756,#1757);
#1755 = CARTESIAN_POINT('',(-85.5,4.,-77.11775613486));
#1756 = DIRECTION('',(1.,0.,0.));
#1757 = DIRECTION('',(0.,0.,-1.));
#1758 = DEFINITIONAL_REPRESENTATION('',(#1759),#1763);
#1759 = LINE('',#1760,#1761);
#1760 = CARTESIAN_POINT('',(-3.14159265359,171.));
#1761 = VECTOR('',#1762,1.);
#1762 = DIRECTION('',(1.,0.));
#1763 = ( GEOMETRIC_REPRESENTATION_CONTEXT(2) 
PARAMETRIC_REPRESENTATION_CONTEXT() REPRESENTATION_CONTEXT('2D SPACE',''
  ) );
#1764 = ORIENTED_EDGE('',*,*,#1765,.T.);
#1765 = EDGE_CURVE('',#1737,#1766,#1768,.T.);
#1766 = VERTEX_POINT('',#1767);
#1767 = CARTESIAN_POINT('',(85.5,6.,-47.32796460539));
#1768 = SURFACE_CURVE('',#1769,(#1773,#1780),.PCURVE_S1.);
#1769 = LINE('',#1770,#1771);
#1770 = CARTESIAN_POINT('',(85.5,6.,-79.11775613486));
#1771 = VECTOR('',#1772,1.);
#1772 = DIRECTION('',(0.,0.,1.));
#1773 = PCURVE('',#367,#1774);
#1774 = DEFINITIONAL_REPRESENTATION('',(#1775),#1779);
#1775 = LINE('',#1776,#1777);
#1776 = CARTESIAN_POINT('',(-41.49328388447,-1.241124677913));
#1777 = VECTOR('',#1778,1.);
#1778 = DIRECTION('',(1.,0.));
#1779 = ( GEOMETRIC_REPRESENTATION_CONTEXT(2) 
PARAMETRIC_REPRESENTATION_CONTEXT() REPRESENTATION_CONTEXT('2D SPACE',''
  ) );
#1780 = PCURVE('',#1781,#1786);
#1781 = PLANE('',#1782);
#1782 = AXIS2_PLACEMENT_3D('',#1783,#1784,#1785);
#1783 = CARTESIAN_POINT('',(-85.5,6.,-79.11775613486));
#1784 = DIRECTION('',(0.,-1.,0.));
#1785 = DIRECTION('',(0.,0.,1.));
#1786 = DEFINITIONAL_REPRESENTATION('',(#1787),#1791);
#1787 = LINE('',#1788,#1789);
#1788 = CARTESIAN_POINT('',(0.,-171.));
#1789 = VECTOR('',#1790,1.);
#1790 = DIRECTION('',(1.,0.));
#1791 = ( GEOMETRIC_REPRESENTATION_CONTEXT(2) 
PARAMETRIC_REPRESENTATION_CONTEXT() REPRESENTATION_CONTEXT('2D SPACE',''
  ) );
#1792 = ORIENTED_EDGE('',*,*,#1793,.T.);
#1793 = EDGE_CURVE('',#1766,#1794,#1796,.T.);
#1794 = VERTEX_POINT('',#1795);
#1795 = CARTESIAN_POINT('',(85.5,6.043704798532,-46.91214122375));
#1796 = SURFACE_CURVE('',#1797,(#1802,#1813),.PCURVE_S1.);
#1797 = CIRCLE('',#1798,2.);
#1798 = AXIS2_PLACEMENT_3D('',#1799,#1800,#1801);
#1799 = CARTESIAN_POINT('',(85.5,8.,-47.32796460539));
#1800 = DIRECTION('',(-1.,0.,-0.));
#1801 = DIRECTION('',(-0.,0.,1.));
#1802 = PCURVE('',#367,#1803);
#1803 = DEFINITIONAL_REPRESENTATION('',(#1804),#1812);
#1804 = ( BOUNDED_CURVE() B_SPLINE_CURVE(2,(#1805,#1806,#1807,#1808,
#1809,#1810,#1811),.UNSPECIFIED.,.T.,.F.) B_SPLINE_CURVE_WITH_KNOTS((1,2
    ,2,2,2,1),(-2.094395102393,0.,2.094395102393,4.188790204786,
6.28318530718,8.377580409573),.UNSPECIFIED.) CURVE() 
GEOMETRIC_REPRESENTATION_ITEM() RATIONAL_B_SPLINE_CURVE((1.,0.5,1.,0.5,
1.,0.5,1.)) REPRESENTATION_ITEM('') );
#1805 = CARTESIAN_POINT('',(-7.703492355003,-3.241124677913));
#1806 = CARTESIAN_POINT('',(-7.703492355003,-6.70522629305));
#1807 = CARTESIAN_POINT('',(-10.703492355,-4.973175485482));
#1808 = CARTESIAN_POINT('',(-13.703492355,-3.241124677913));
#1809 = CARTESIAN_POINT('',(-10.703492355,-1.509073870344));
#1810 = CARTESIAN_POINT('',(-7.703492355003,0.222976937225));
#1811 = CARTESIAN_POINT('',(-7.703492355003,-3.241124677913));
#1812 = ( GEOMETRIC_REPRESENTATION_CONTEXT(2) 
PARAMETRIC_REPRESENTATION_CONTEXT() REPRESENTATION_CONTEXT('2D SPACE',''
  ) );
#1813 = PCURVE('',#1814,#1819);
#1814 = CYLINDRICAL_SURFACE('',#1815,2.);
#1815 = AXIS2_PLACEMENT_3D('',#1816,#1817,#1818);
#1816 = CARTESIAN_POINT('',(-85.5,8.,-47.32796460539));
#1817 = DIRECTION('',(1.,0.,0.));
#1818 = DIRECTION('',(0.,-1.,0.));
#1819 = DEFINITIONAL_REPRESENTATION('',(#1820),#1824);
#1820 = LINE('',#1821,#1822);
#1821 = CARTESIAN_POINT('',(4.712388980385,171.));
#1822 = VECTOR('',#1823,1.);
#1823 = DIRECTION('',(-1.,0.));
#1824 = ( GEOMETRIC_REPRESENTATION_CONTEXT(2) 
PARAMETRIC_REPRESENTATION_CONTEXT() REPRESENTATION_CONTEXT('2D SPACE',''
  ) );
#1825 = ORIENTED_EDGE('',*,*,#1826,.T.);
#1826 = EDGE_CURVE('',#1794,#327,#1827,.T.);
#1827 = SURFACE_CURVE('',#1828,(#1832,#1839),.PCURVE_S1.);
#1828 = LINE('',#1829,#1830);
#1829 = CARTESIAN_POINT('',(85.5,6.,-47.11775613486));
#1830 = VECTOR('',#1831,1.);
#1831 = DIRECTION('',(0.,0.207911690818,0.978147600734));
#1832 = PCURVE('',#367,#1833);
#1833 = DEFINITIONAL_REPRESENTATION('',(#1834),#1838);
#1834 = LINE('',#1835,#1836);
#1835 = CARTESIAN_POINT('',(-9.493283884472,-1.241124677913));
#1836 = VECTOR('',#1837,1.);
#1837 = DIRECTION('',(0.978147600734,-0.207911690818));
#1838 = ( GEOMETRIC_REPRESENTATION_CONTEXT(2) 
PARAMETRIC_REPRESENTATION_CONTEXT() REPRESENTATION_CONTEXT('2D SPACE',''
  ) );
#1839 = PCURVE('',#341,#1840);
#1840 = DEFINITIONAL_REPRESENTATION('',(#1841),#1845);
#1841 = LINE('',#1842,#1843);
#1842 = CARTESIAN_POINT('',(0.,-171.));
#1843 = VECTOR('',#1844,1.);
#1844 = DIRECTION('',(1.,0.));
#1845 = ( GEOMETRIC_REPRESENTATION_CONTEXT(2) 
PARAMETRIC_REPRESENTATION_CONTEXT() REPRESENTATION_CONTEXT('2D SPACE',''
  ) );
#1846 = ORIENTED_EDGE('',*,*,#352,.F.);
#1847 = ORIENTED_EDGE('',*,*,#1651,.T.);
#1848 = ORIENTED_EDGE('',*,*,#1849,.T.);
#1849 = EDGE_CURVE('',#1626,#1279,#1850,.T.);
#1850 = SURFACE_CURVE('',#1851,(#1856,#1863),.PCURVE_S1.);
#1851 = HYPERBOLA('',#1852,1.5,1.5);
#1852 = AXIS2_PLACEMENT_3D('',#1853,#1854,#1855);
#1853 = CARTESIAN_POINT('',(85.5,19.552666560955,4.687275580808));
#1854 = DIRECTION('',(1.,0.,0.));
#1855 = DIRECTION('',(0.,-0.207911690818,-0.978147600734));
#1856 = PCURVE('',#367,#1857);
#1857 = DEFINITIONAL_REPRESENTATION('',(#1858),#1862);
#1858 = ( BOUNDED_CURVE() B_SPLINE_CURVE(2,(#1859,#1860,#1861),
.UNSPECIFIED.,.F.,.F.) B_SPLINE_CURVE_WITH_KNOTS((3,3),(-2.292431669561,
-2.20717368312),.PIECEWISE_BEZIER_KNOTS.) CURVE() 
GEOMETRIC_REPRESENTATION_ITEM() RATIONAL_B_SPLINE_CURVE((1.,
1.000908753137,1.)) REPRESENTATION_ITEM('') );
#1859 = CARTESIAN_POINT('',(36.50347348788,-6.046566012958));
#1860 = CARTESIAN_POINT('',(36.743267665643,-6.424198116403));
#1861 = CARTESIAN_POINT('',(36.962811150873,-6.771392820071));
#1862 = ( GEOMETRIC_REPRESENTATION_CONTEXT(2) 
PARAMETRIC_REPRESENTATION_CONTEXT() REPRESENTATION_CONTEXT('2D SPACE',''
  ) );
#1863 = PCURVE('',#1320,#1864);
#1864 = DEFINITIONAL_REPRESENTATION('',(#1865),#1872);
#1865 = B_SPLINE_CURVE_WITH_KNOTS('',5,(#1866,#1867,#1868,#1869,#1870,
    #1871),.UNSPECIFIED.,.F.,.F.,(6,6),(-2.292431669561,-2.20717368312),
  .PIECEWISE_BEZIER_KNOTS.);
#1866 = CARTESIAN_POINT('',(1.369438406005,3.330669073875E-15));
#1867 = CARTESIAN_POINT('',(1.366028086547,-0.125303137966));
#1868 = CARTESIAN_POINT('',(1.362546546464,-0.247880429423));
#1869 = CARTESIAN_POINT('',(1.358991885261,-0.367807775398));
#1870 = CARTESIAN_POINT('',(1.355362136773,-0.485157777091));
#1871 = CARTESIAN_POINT('',(1.351655267797,-0.6));
#1872 = ( GEOMETRIC_REPRESENTATION_CONTEXT(2) 
PARAMETRIC_REPRESENTATION_CONTEXT() REPRESENTATION_CONTEXT('2D SPACE',''
  ) );
#1873 = ORIENTED_EDGE('',*,*,#1278,.T.);
#1874 = ORIENTED_EDGE('',*,*,#1875,.F.);
#1875 = EDGE_CURVE('',#1876,#1251,#1878,.T.);
#1876 = VERTEX_POINT('',#1877);
#1877 = CARTESIAN_POINT('',(85.5,9.558177874655,-20.68929227025));
#1878 = SURFACE_CURVE('',#1879,(#1883,#1889),.PCURVE_S1.);
#1879 = LINE('',#1880,#1881);
#1880 = CARTESIAN_POINT('',(85.5,9.811524842627,-19.49738849658));
#1881 = VECTOR('',#1882,1.);
#1882 = DIRECTION('',(-0.,0.207911690818,0.978147600734));
#1883 = PCURVE('',#367,#1884);
#1884 = DEFINITIONAL_REPRESENTATION('',(#1885),#1888);
#1885 = B_SPLINE_CURVE_WITH_KNOTS('',1,(#1886,#1887),.UNSPECIFIED.,.F.,
  .F.,(2,2),(-1.218531612992,18.781468387008),.PIECEWISE_BEZIER_KNOTS.);
#1886 = CARTESIAN_POINT('',(16.935179980136,-4.799302552567));
#1887 = CARTESIAN_POINT('',(36.498131994812,-8.957536368923));
#1888 = ( GEOMETRIC_REPRESENTATION_CONTEXT(2) 
PARAMETRIC_REPRESENTATION_CONTEXT() REPRESENTATION_CONTEXT('2D SPACE',''
  ) );
#1889 = PCURVE('',#1266,#1890);
#1890 = DEFINITIONAL_REPRESENTATION('',(#1891),#1894);
#1891 = B_SPLINE_CURVE_WITH_KNOTS('',1,(#1892,#1893),.UNSPECIFIED.,.F.,
  .F.,(2,2),(-1.218531612992,18.781468387008),.PIECEWISE_BEZIER_KNOTS.);
#1892 = CARTESIAN_POINT('',(174.,-20.));
#1893 = CARTESIAN_POINT('',(174.,0.));
#1894 = ( GEOMETRIC_REPRESENTATION_CONTEXT(2) 
PARAMETRIC_REPRESENTATION_CONTEXT() REPRESENTATION_CONTEXT('2D SPACE',''
  ) );
#1895 = ORIENTED_EDGE('',*,*,#1896,.T.);
#1896 = EDGE_CURVE('',#1876,#1897,#1899,.T.);
#1897 = VERTEX_POINT('',#1898);
#1898 = CARTESIAN_POINT('',(85.5,11.52852265686,-21.10810198246));
#1899 = SURFACE_CURVE('',#1900,(#1904,#1910),.PCURVE_S1.);
#1900 = LINE('',#1901,#1902);
#1901 = CARTESIAN_POINT('',(85.5,35.883355558756,-26.28488152413));
#1902 = VECTOR('',#1903,1.);
#1903 = DIRECTION('',(0.,0.978147600734,-0.207911690818));
#1904 = PCURVE('',#367,#1905);
#1905 = DEFINITIONAL_REPRESENTATION('',(#1906),#1909);
#1906 = B_SPLINE_CURVE_WITH_KNOTS('',1,(#1907,#1908),.UNSPECIFIED.,.F.,
  .F.,(2,2),(-26.91329781349,-20.92865069128),.PIECEWISE_BEZIER_KNOTS.);
#1907 = CARTESIAN_POINT('',(16.935179980136,-4.799302552567));
#1908 = CARTESIAN_POINT('',(15.69090187801,-10.65317077639));
#1909 = ( GEOMETRIC_REPRESENTATION_CONTEXT(2) 
PARAMETRIC_REPRESENTATION_CONTEXT() REPRESENTATION_CONTEXT('2D SPACE',''
  ) );
#1910 = PCURVE('',#986,#1911);
#1911 = DEFINITIONAL_REPRESENTATION('',(#1912),#1915);
#1912 = B_SPLINE_CURVE_WITH_KNOTS('',1,(#1913,#1914),.UNSPECIFIED.,.F.,
  .F.,(2,2),(-26.91329781349,-20.92865069128),.PIECEWISE_BEZIER_KNOTS.);
#1913 = CARTESIAN_POINT('',(85.5,-55.));
#1914 = CARTESIAN_POINT('',(85.5,-49.01535287779));
#1915 = ( GEOMETRIC_REPRESENTATION_CONTEXT(2) 
PARAMETRIC_REPRESENTATION_CONTEXT() REPRESENTATION_CONTEXT('2D SPACE',''
  ) );
#1916 = ORIENTED_EDGE('',*,*,#1917,.T.);
#1917 = EDGE_CURVE('',#1897,#1918,#1920,.T.);
#1918 = VERTEX_POINT('',#1919);
#1919 = CARTESIAN_POINT('',(85.5,15.368341299949,-3.043175579249));
#1920 = SURFACE_CURVE('',#1921,(#1925,#1932),.PCURVE_S1.);
#1921 = LINE('',#1922,#1923);
#1922 = CARTESIAN_POINT('',(85.5,6.,-47.11775613486));
#1923 = VECTOR('',#1924,1.);
#1924 = DIRECTION('',(0.,0.207911690818,0.978147600734));
#1925 = PCURVE('',#367,#1926);
#1926 = DEFINITIONAL_REPRESENTATION('',(#1927),#1931);
#1927 = LINE('',#1928,#1929);
#1928 = CARTESIAN_POINT('',(-9.493283884472,-1.241124677913));
#1929 = VECTOR('',#1930,1.);
#1930 = DIRECTION('',(0.978147600734,-0.207911690818));
#1931 = ( GEOMETRIC_REPRESENTATION_CONTEXT(2) 
PARAMETRIC_REPRESENTATION_CONTEXT() REPRESENTATION_CONTEXT('2D SPACE',''
  ) );
#1932 = PCURVE('',#1013,#1933);
#1933 = DEFINITIONAL_REPRESENTATION('',(#1934),#1938);
#1934 = LINE('',#1935,#1936);
#1935 = CARTESIAN_POINT('',(0.,-171.));
#1936 = VECTOR('',#1937,1.);
#1937 = DIRECTION('',(1.,0.));
#1938 = ( GEOMETRIC_REPRESENTATION_CONTEXT(2) 
PARAMETRIC_REPRESENTATION_CONTEXT() REPRESENTATION_CONTEXT('2D SPACE',''
  ) );
#1939 = ORIENTED_EDGE('',*,*,#1940,.T.);
#1940 = EDGE_CURVE('',#1918,#1941,#1943,.T.);
#1941 = VERTEX_POINT('',#1942);
#1942 = CARTESIAN_POINT('',(85.5,13.412046098482,-0.627352197613));
#1943 = SURFACE_CURVE('',#1944,(#1949,#1956),.PCURVE_S1.);
#1944 = CIRCLE('',#1945,2.);
#1945 = AXIS2_PLACEMENT_3D('',#1946,#1947,#1948);
#1946 = CARTESIAN_POINT('',(85.5,13.412046098482,-2.627352197613));
#1947 = DIRECTION('',(1.,0.,0.));
#1948 = DIRECTION('',(-0.,0.,1.));
#1949 = PCURVE('',#367,#1950);
#1950 = DEFINITIONAL_REPRESENTATION('',(#1951),#1955);
#1951 = CIRCLE('',#1952,2.);
#1952 = AXIS2_PLACEMENT_2D('',#1953,#1954);
#1953 = CARTESIAN_POINT('',(34.997120052775,-8.653170776394));
#1954 = DIRECTION('',(1.,0.));
#1955 = ( GEOMETRIC_REPRESENTATION_CONTEXT(2) 
PARAMETRIC_REPRESENTATION_CONTEXT() REPRESENTATION_CONTEXT('2D SPACE',''
  ) );
#1956 = PCURVE('',#1042,#1957);
#1957 = DEFINITIONAL_REPRESENTATION('',(#1958),#1962);
#1958 = LINE('',#1959,#1960);
#1959 = CARTESIAN_POINT('',(-4.502949470145,171.));
#1960 = VECTOR('',#1961,1.);
#1961 = DIRECTION('',(1.,0.));
#1962 = ( GEOMETRIC_REPRESENTATION_CONTEXT(2) 
PARAMETRIC_REPRESENTATION_CONTEXT() REPRESENTATION_CONTEXT('2D SPACE',''
  ) );
#1963 = ORIENTED_EDGE('',*,*,#1964,.T.);
#1964 = EDGE_CURVE('',#1941,#1965,#1967,.T.);
#1965 = VERTEX_POINT('',#1966);
#1966 = CARTESIAN_POINT('',(85.5,2.,-0.627352197613));
#1967 = SURFACE_CURVE('',#1968,(#1972,#1979),.PCURVE_S1.);
#1968 = LINE('',#1969,#1970);
#1969 = CARTESIAN_POINT('',(85.5,15.881840411552,-0.627352197613));
#1970 = VECTOR('',#1971,1.);
#1971 = DIRECTION('',(0.,-1.,0.));
#1972 = PCURVE('',#367,#1973);
#1973 = DEFINITIONAL_REPRESENTATION('',(#1974),#1978);
#1974 = LINE('',#1975,#1976);
#1975 = CARTESIAN_POINT('',(36.997120052775,-11.12296508946));
#1976 = VECTOR('',#1977,1.);
#1977 = DIRECTION('',(0.,1.));
#1978 = ( GEOMETRIC_REPRESENTATION_CONTEXT(2) 
PARAMETRIC_REPRESENTATION_CONTEXT() REPRESENTATION_CONTEXT('2D SPACE',''
  ) );
#1979 = PCURVE('',#1070,#1980);
#1980 = DEFINITIONAL_REPRESENTATION('',(#1981),#1985);
#1981 = LINE('',#1982,#1983);
#1982 = CARTESIAN_POINT('',(0.,-171.));
#1983 = VECTOR('',#1984,1.);
#1984 = DIRECTION('',(1.,0.));
#1985 = ( GEOMETRIC_REPRESENTATION_CONTEXT(2) 
PARAMETRIC_REPRESENTATION_CONTEXT() REPRESENTATION_CONTEXT('2D SPACE',''
  ) );
#1986 = ORIENTED_EDGE('',*,*,#1987,.T.);
#1987 = EDGE_CURVE('',#1965,#1988,#1990,.T.);
#1988 = VERTEX_POINT('',#1989);
#1989 = CARTESIAN_POINT('',(85.5,-4.440892098501E-16,-2.627352197613));
#1990 = SURFACE_CURVE('',#1991,(#1996,#2003),.PCURVE_S1.);
#1991 = CIRCLE('',#1992,2.);
#1992 = AXIS2_PLACEMENT_3D('',#1993,#1994,#1995);
#1993 = CARTESIAN_POINT('',(85.5,2.,-2.627352197613));
#1994 = DIRECTION('',(1.,0.,0.));
#1995 = DIRECTION('',(-0.,0.,1.));
#1996 = PCURVE('',#367,#1997);
#1997 = DEFINITIONAL_REPRESENTATION('',(#1998),#2002);
#1998 = CIRCLE('',#1999,2.);
#1999 = AXIS2_PLACEMENT_2D('',#2000,#2001);
#2000 = CARTESIAN_POINT('',(34.997120052775,2.758875322087));
#2001 = DIRECTION('',(1.,0.));
#2002 = ( GEOMETRIC_REPRESENTATION_CONTEXT(2) 
PARAMETRIC_REPRESENTATION_CONTEXT() REPRESENTATION_CONTEXT('2D SPACE',''
  ) );
#2003 = PCURVE('',#2004,#2009);
#2004 = CYLINDRICAL_SURFACE('',#2005,2.);
#2005 = AXIS2_PLACEMENT_3D('',#2006,#2007,#2008);
#2006 = CARTESIAN_POINT('',(-85.5,2.,-2.627352197613));
#2007 = DIRECTION('',(1.,0.,0.));
#2008 = DIRECTION('',(0.,-0.,1.));
#2009 = DEFINITIONAL_REPRESENTATION('',(#2010),#2014);
#2010 = LINE('',#2011,#2012);
#2011 = CARTESIAN_POINT('',(0.,171.));
#2012 = VECTOR('',#2013,1.);
#2013 = DIRECTION('',(1.,0.));
#2014 = ( GEOMETRIC_REPRESENTATION_CONTEXT(2) 
PARAMETRIC_REPRESENTATION_CONTEXT() REPRESENTATION_CONTEXT('2D SPACE',''
  ) );
#2015 = ORIENTED_EDGE('',*,*,#2016,.T.);
#2016 = EDGE_CURVE('',#1988,#1676,#2017,.T.);
#2017 = SURFACE_CURVE('',#2018,(#2022,#2029),.PCURVE_S1.);
#2018 = LINE('',#2019,#2020);
#2019 = CARTESIAN_POINT('',(85.5,0.,-0.627352197613));
#2020 = VECTOR('',#2021,1.);
#2021 = DIRECTION('',(0.,0.,-1.));
#2022 = PCURVE('',#367,#2023);
#2023 = DEFINITIONAL_REPRESENTATION('',(#2024),#2028);
#2024 = LINE('',#2025,#2026);
#2025 = CARTESIAN_POINT('',(36.997120052775,4.758875322087));
#2026 = VECTOR('',#2027,1.);
#2027 = DIRECTION('',(-1.,0.));
#2028 = ( GEOMETRIC_REPRESENTATION_CONTEXT(2) 
PARAMETRIC_REPRESENTATION_CONTEXT() REPRESENTATION_CONTEXT('2D SPACE',''
  ) );
#2029 = PCURVE('',#2030,#2035);
#2030 = PLANE('',#2031);
#2031 = AXIS2_PLACEMENT_3D('',#2032,#2033,#2034);
#2032 = CARTESIAN_POINT('',(-85.5,0.,-0.627352197613));
#2033 = DIRECTION('',(-0.,1.,0.));
#2034 = DIRECTION('',(0.,0.,-1.));
#2035 = DEFINITIONAL_REPRESENTATION('',(#2036),#2040);
#2036 = LINE('',#2037,#2038);
#2037 = CARTESIAN_POINT('',(0.,-171.));
#2038 = VECTOR('',#2039,1.);
#2039 = DIRECTION('',(1.,0.));
#2040 = ( GEOMETRIC_REPRESENTATION_CONTEXT(2) 
PARAMETRIC_REPRESENTATION_CONTEXT() REPRESENTATION_CONTEXT('2D SPACE',''
  ) );
#2041 = ADVANCED_FACE('',(#2042),#341,.F.);
#2042 = FACE_BOUND('',#2043,.F.);
#2043 = EDGE_LOOP('',(#2044,#2045,#2068,#2094,#2120,#2146,#2167,#2168));
#2044 = ORIENTED_EDGE('',*,*,#900,.F.);
#2045 = ORIENTED_EDGE('',*,*,#2046,.T.);
#2046 = EDGE_CURVE('',#868,#2047,#2049,.T.);
#2047 = VERTEX_POINT('',#2048);
#2048 = CARTESIAN_POINT('',(-30.,6.043704798532,-46.91214122375));
#2049 = SURFACE_CURVE('',#2050,(#2054,#2061),.PCURVE_S1.);
#2050 = LINE('',#2051,#2052);
#2051 = CARTESIAN_POINT('',(-85.5,6.043704798532,-46.91214122375));
#2052 = VECTOR('',#2053,1.);
#2053 = DIRECTION('',(1.,0.,0.));
#2054 = PCURVE('',#341,#2055);
#2055 = DEFINITIONAL_REPRESENTATION('',(#2056),#2060);
#2056 = LINE('',#2057,#2058);
#2057 = CARTESIAN_POINT('',(0.210208470531,0.));
#2058 = VECTOR('',#2059,1.);
#2059 = DIRECTION('',(0.,-1.));
#2060 = ( GEOMETRIC_REPRESENTATION_CONTEXT(2) 
PARAMETRIC_REPRESENTATION_CONTEXT() REPRESENTATION_CONTEXT('2D SPACE',''
  ) );
#2061 = PCURVE('',#888,#2062);
#2062 = DEFINITIONAL_REPRESENTATION('',(#2063),#2067);
#2063 = LINE('',#2064,#2065);
#2064 = CARTESIAN_POINT('',(-0.209439510239,0.));
#2065 = VECTOR('',#2066,1.);
#2066 = DIRECTION('',(-0.,1.));
#2067 = ( GEOMETRIC_REPRESENTATION_CONTEXT(2) 
PARAMETRIC_REPRESENTATION_CONTEXT() REPRESENTATION_CONTEXT('2D SPACE',''
  ) );
#2068 = ORIENTED_EDGE('',*,*,#2069,.T.);
#2069 = EDGE_CURVE('',#2047,#2070,#2072,.T.);
#2070 = VERTEX_POINT('',#2071);
#2071 = CARTESIAN_POINT('',(-30.,9.,-33.00386580642));
#2072 = SURFACE_CURVE('',#2073,(#2077,#2083),.PCURVE_S1.);
#2073 = LINE('',#2074,#2075);
#2074 = CARTESIAN_POINT('',(-30.,2.41305672032,-63.99299748943));
#2075 = VECTOR('',#2076,1.);
#2076 = DIRECTION('',(-0.,0.207911690818,0.978147600734));
#2077 = PCURVE('',#341,#2078);
#2078 = DEFINITIONAL_REPRESENTATION('',(#2079),#2082);
#2079 = B_SPLINE_CURVE_WITH_KNOTS('',1,(#2080,#2081),.UNSPECIFIED.,.F.,
  .F.,(2,2),(17.462452755459,31.68144731916),.PIECEWISE_BEZIER_KNOTS.);
#2080 = CARTESIAN_POINT('',(0.210208470531,-55.5));
#2081 = CARTESIAN_POINT('',(14.429203034232,-55.5));
#2082 = ( GEOMETRIC_REPRESENTATION_CONTEXT(2) 
PARAMETRIC_REPRESENTATION_CONTEXT() REPRESENTATION_CONTEXT('2D SPACE',''
  ) );
#2083 = PCURVE('',#2084,#2089);
#2084 = PLANE('',#2085);
#2085 = AXIS2_PLACEMENT_3D('',#2086,#2087,#2088);
#2086 = CARTESIAN_POINT('',(-30.,0.,-81.11775613486));
#2087 = DIRECTION('',(1.,0.,0.));
#2088 = DIRECTION('',(0.,0.,1.));
#2089 = DEFINITIONAL_REPRESENTATION('',(#2090),#2093);
#2090 = B_SPLINE_CURVE_WITH_KNOTS('',1,(#2091,#2092),.UNSPECIFIED.,.F.,
  .F.,(2,2),(17.462452755459,31.68144731916),.PIECEWISE_BEZIER_KNOTS.);
#2091 = CARTESIAN_POINT('',(34.205614911104,-6.043704798532));
#2092 = CARTESIAN_POINT('',(48.113890328435,-9.));
#2093 = ( GEOMETRIC_REPRESENTATION_CONTEXT(2) 
PARAMETRIC_REPRESENTATION_CONTEXT() REPRESENTATION_CONTEXT('2D SPACE',''
  ) );
#2094 = ORIENTED_EDGE('',*,*,#2095,.F.);
#2095 = EDGE_CURVE('',#2096,#2070,#2098,.T.);
#2096 = VERTEX_POINT('',#2097);
#2097 = CARTESIAN_POINT('',(30.,9.,-33.00386580642));
#2098 = SURFACE_CURVE('',#2099,(#2103,#2109),.PCURVE_S1.);
#2099 = LINE('',#2100,#2101);
#2100 = CARTESIAN_POINT('',(-57.75,9.,-33.00386580642));
#2101 = VECTOR('',#2102,1.);
#2102 = DIRECTION('',(-1.,0.,0.));
#2103 = PCURVE('',#341,#2104);
#2104 = DEFINITIONAL_REPRESENTATION('',(#2105),#2108);
#2105 = B_SPLINE_CURVE_WITH_KNOTS('',1,(#2106,#2107),.UNSPECIFIED.,.F.,
  .F.,(2,2),(-87.75,-27.75),.PIECEWISE_BEZIER_KNOTS.);
#2106 = CARTESIAN_POINT('',(14.429203034233,-115.5));
#2107 = CARTESIAN_POINT('',(14.429203034233,-55.5));
#2108 = ( GEOMETRIC_REPRESENTATION_CONTEXT(2) 
PARAMETRIC_REPRESENTATION_CONTEXT() REPRESENTATION_CONTEXT('2D SPACE',''
  ) );
#2109 = PCURVE('',#2110,#2115);
#2110 = PLANE('',#2111);
#2111 = AXIS2_PLACEMENT_3D('',#2112,#2113,#2114);
#2112 = CARTESIAN_POINT('',(-30.,9.,-81.11775613486));
#2113 = DIRECTION('',(0.,1.,0.));
#2114 = DIRECTION('',(0.,0.,1.));
#2115 = DEFINITIONAL_REPRESENTATION('',(#2116),#2119);
#2116 = B_SPLINE_CURVE_WITH_KNOTS('',1,(#2117,#2118),.UNSPECIFIED.,.F.,
  .F.,(2,2),(-87.75,-27.75),.PIECEWISE_BEZIER_KNOTS.);
#2117 = CARTESIAN_POINT('',(48.113890328435,60.));
#2118 = CARTESIAN_POINT('',(48.113890328435,0.));
#2119 = ( GEOMETRIC_REPRESENTATION_CONTEXT(2) 
PARAMETRIC_REPRESENTATION_CONTEXT() REPRESENTATION_CONTEXT('2D SPACE',''
  ) );
#2120 = ORIENTED_EDGE('',*,*,#2121,.F.);
#2121 = EDGE_CURVE('',#2122,#2096,#2124,.T.);
#2122 = VERTEX_POINT('',#2123);
#2123 = CARTESIAN_POINT('',(30.,6.043704798532,-46.91214122375));
#2124 = SURFACE_CURVE('',#2125,(#2129,#2135),.PCURVE_S1.);
#2125 = LINE('',#2126,#2127);
#2126 = CARTESIAN_POINT('',(30.,2.41305672032,-63.99299748943));
#2127 = VECTOR('',#2128,1.);
#2128 = DIRECTION('',(-0.,0.207911690818,0.978147600734));
#2129 = PCURVE('',#341,#2130);
#2130 = DEFINITIONAL_REPRESENTATION('',(#2131),#2134);
#2131 = B_SPLINE_CURVE_WITH_KNOTS('',1,(#2132,#2133),.UNSPECIFIED.,.F.,
  .F.,(2,2),(17.462452755459,31.68144731916),.PIECEWISE_BEZIER_KNOTS.);
#2132 = CARTESIAN_POINT('',(0.210208470531,-115.5));
#2133 = CARTESIAN_POINT('',(14.429203034232,-115.5));
#2134 = ( GEOMETRIC_REPRESENTATION_CONTEXT(2) 
PARAMETRIC_REPRESENTATION_CONTEXT() REPRESENTATION_CONTEXT('2D SPACE',''
  ) );
#2135 = PCURVE('',#2136,#2141);
#2136 = PLANE('',#2137);
#2137 = AXIS2_PLACEMENT_3D('',#2138,#2139,#2140);
#2138 = CARTESIAN_POINT('',(30.,0.,-81.11775613486));
#2139 = DIRECTION('',(1.,0.,0.));
#2140 = DIRECTION('',(0.,0.,1.));
#2141 = DEFINITIONAL_REPRESENTATION('',(#2142),#2145);
#2142 = B_SPLINE_CURVE_WITH_KNOTS('',1,(#2143,#2144),.UNSPECIFIED.,.F.,
  .F.,(2,2),(17.462452755459,31.68144731916),.PIECEWISE_BEZIER_KNOTS.);
#2143 = CARTESIAN_POINT('',(34.205614911104,-6.043704798532));
#2144 = CARTESIAN_POINT('',(48.113890328435,-9.));
#2145 = ( GEOMETRIC_REPRESENTATION_CONTEXT(2) 
PARAMETRIC_REPRESENTATION_CONTEXT() REPRESENTATION_CONTEXT('2D SPACE',''
  ) );
#2146 = ORIENTED_EDGE('',*,*,#2147,.T.);
#2147 = EDGE_CURVE('',#2122,#1794,#2148,.T.);
#2148 = SURFACE_CURVE('',#2149,(#2153,#2160),.PCURVE_S1.);
#2149 = LINE('',#2150,#2151);
#2150 = CARTESIAN_POINT('',(-85.5,6.043704798532,-46.91214122375));
#2151 = VECTOR('',#2152,1.);
#2152 = DIRECTION('',(1.,0.,0.));
#2153 = PCURVE('',#341,#2154);
#2154 = DEFINITIONAL_REPRESENTATION('',(#2155),#2159);
#2155 = LINE('',#2156,#2157);
#2156 = CARTESIAN_POINT('',(0.210208470531,0.));
#2157 = VECTOR('',#2158,1.);
#2158 = DIRECTION('',(0.,-1.));
#2159 = ( GEOMETRIC_REPRESENTATION_CONTEXT(2) 
PARAMETRIC_REPRESENTATION_CONTEXT() REPRESENTATION_CONTEXT('2D SPACE',''
  ) );
#2160 = PCURVE('',#1814,#2161);
#2161 = DEFINITIONAL_REPRESENTATION('',(#2162),#2166);
#2162 = LINE('',#2163,#2164);
#2163 = CARTESIAN_POINT('',(-0.209439510239,0.));
#2164 = VECTOR('',#2165,1.);
#2165 = DIRECTION('',(-0.,1.));
#2166 = ( GEOMETRIC_REPRESENTATION_CONTEXT(2) 
PARAMETRIC_REPRESENTATION_CONTEXT() REPRESENTATION_CONTEXT('2D SPACE',''
  ) );
#2167 = ORIENTED_EDGE('',*,*,#1826,.T.);
#2168 = ORIENTED_EDGE('',*,*,#326,.F.);
#2169 = ADVANCED_FACE('',(#2170),#542,.T.);
#2170 = FACE_BOUND('',#2171,.T.);
#2171 = EDGE_LOOP('',(#2172,#2195,#2196,#2219));
#2172 = ORIENTED_EDGE('',*,*,#2173,.F.);
#2173 = EDGE_CURVE('',#525,#2174,#2176,.T.);
#2174 = VERTEX_POINT('',#2175);
#2175 = CARTESIAN_POINT('',(20.,108.10654864858,-41.63639512014));
#2176 = SURFACE_CURVE('',#2177,(#2181,#2188),.PCURVE_S1.);
#2177 = LINE('',#2178,#2179);
#2178 = CARTESIAN_POINT('',(20.,107.27490188531,-45.54898552307));
#2179 = VECTOR('',#2180,1.);
#2180 = DIRECTION('',(0.,0.207911690818,0.978147600734));
#2181 = PCURVE('',#542,#2182);
#2182 = DEFINITIONAL_REPRESENTATION('',(#2183),#2187);
#2183 = LINE('',#2184,#2185);
#2184 = CARTESIAN_POINT('',(0.,40.));
#2185 = VECTOR('',#2186,1.);
#2186 = DIRECTION('',(1.,0.));
#2187 = ( GEOMETRIC_REPRESENTATION_CONTEXT(2) 
PARAMETRIC_REPRESENTATION_CONTEXT() REPRESENTATION_CONTEXT('2D SPACE',''
  ) );
#2188 = PCURVE('',#624,#2189);
#2189 = DEFINITIONAL_REPRESENTATION('',(#2190),#2194);
#2190 = LINE('',#2191,#2192);
#2191 = CARTESIAN_POINT('',(0.,0.));
#2192 = VECTOR('',#2193,1.);
#2193 = DIRECTION('',(1.,0.));
#2194 = ( GEOMETRIC_REPRESENTATION_CONTEXT(2) 
PARAMETRIC_REPRESENTATION_CONTEXT() REPRESENTATION_CONTEXT('2D SPACE',''
  ) );
#2195 = ORIENTED_EDGE('',*,*,#524,.T.);
#2196 = ORIENTED_EDGE('',*,*,#2197,.T.);
#2197 = EDGE_CURVE('',#527,#2198,#2200,.T.);
#2198 = VERTEX_POINT('',#2199);
#2199 = CARTESIAN_POINT('',(-20.,108.10654864858,-41.63639512014));
#2200 = SURFACE_CURVE('',#2201,(#2205,#2212),.PCURVE_S1.);
#2201 = LINE('',#2202,#2203);
#2202 = CARTESIAN_POINT('',(-20.,107.27490188531,-45.54898552307));
#2203 = VECTOR('',#2204,1.);
#2204 = DIRECTION('',(0.,0.207911690818,0.978147600734));
#2205 = PCURVE('',#542,#2206);
#2206 = DEFINITIONAL_REPRESENTATION('',(#2207),#2211);
#2207 = LINE('',#2208,#2209);
#2208 = CARTESIAN_POINT('',(0.,0.));
#2209 = VECTOR('',#2210,1.);
#2210 = DIRECTION('',(1.,0.));
#2211 = ( GEOMETRIC_REPRESENTATION_CONTEXT(2) 
PARAMETRIC_REPRESENTATION_CONTEXT() REPRESENTATION_CONTEXT('2D SPACE',''
  ) );
#2212 = PCURVE('',#570,#2213);
#2213 = DEFINITIONAL_REPRESENTATION('',(#2214),#2218);
#2214 = LINE('',#2215,#2216);
#2215 = CARTESIAN_POINT('',(0.,0.));
#2216 = VECTOR('',#2217,1.);
#2217 = DIRECTION('',(1.,0.));
#2218 = ( GEOMETRIC_REPRESENTATION_CONTEXT(2) 
PARAMETRIC_REPRESENTATION_CONTEXT() REPRESENTATION_CONTEXT('2D SPACE',''
  ) );
#2219 = ORIENTED_EDGE('',*,*,#2220,.F.);
#2220 = EDGE_CURVE('',#2174,#2198,#2221,.T.);
#2221 = SURFACE_CURVE('',#2222,(#2226,#2233),.PCURVE_S1.);
#2222 = LINE('',#2223,#2224);
#2223 = CARTESIAN_POINT('',(-10.,108.10654864858,-41.63639512014));
#2224 = VECTOR('',#2225,1.);
#2225 = DIRECTION('',(-1.,0.,0.));
#2226 = PCURVE('',#542,#2227);
#2227 = DEFINITIONAL_REPRESENTATION('',(#2228),#2232);
#2228 = LINE('',#2229,#2230);
#2229 = CARTESIAN_POINT('',(4.,10.));
#2230 = VECTOR('',#2231,1.);
#2231 = DIRECTION('',(0.,-1.));
#2232 = ( GEOMETRIC_REPRESENTATION_CONTEXT(2) 
PARAMETRIC_REPRESENTATION_CONTEXT() REPRESENTATION_CONTEXT('2D SPACE',''
  ) );
#2233 = PCURVE('',#986,#2234);
#2234 = DEFINITIONAL_REPRESENTATION('',(#2235),#2239);
#2235 = LINE('',#2236,#2237);
#2236 = CARTESIAN_POINT('',(-10.,45.75));
#2237 = VECTOR('',#2238,1.);
#2238 = DIRECTION('',(-1.,0.));
#2239 = ( GEOMETRIC_REPRESENTATION_CONTEXT(2) 
PARAMETRIC_REPRESENTATION_CONTEXT() REPRESENTATION_CONTEXT('2D SPACE',''
  ) );
#2240 = ADVANCED_FACE('',(#2241),#624,.F.);
#2241 = FACE_BOUND('',#2242,.F.);
#2242 = EDGE_LOOP('',(#2243,#2244,#2245,#2268));
#2243 = ORIENTED_EDGE('',*,*,#2173,.F.);
#2244 = ORIENTED_EDGE('',*,*,#610,.T.);
#2245 = ORIENTED_EDGE('',*,*,#2246,.T.);
#2246 = EDGE_CURVE('',#583,#2247,#2249,.T.);
#2247 = VERTEX_POINT('',#2248);
#2248 = CARTESIAN_POINT('',(20.,110.55191765042,-42.15617434718));
#2249 = SURFACE_CURVE('',#2250,(#2254,#2261),.PCURVE_S1.);
#2250 = LINE('',#2251,#2252);
#2251 = CARTESIAN_POINT('',(20.,109.72027088714,-46.06876475012));
#2252 = VECTOR('',#2253,1.);
#2253 = DIRECTION('',(0.,0.207911690818,0.978147600734));
#2254 = PCURVE('',#624,#2255);
#2255 = DEFINITIONAL_REPRESENTATION('',(#2256),#2260);
#2256 = LINE('',#2257,#2258);
#2257 = CARTESIAN_POINT('',(1.33226762955E-15,-2.5));
#2258 = VECTOR('',#2259,1.);
#2259 = DIRECTION('',(1.,0.));
#2260 = ( GEOMETRIC_REPRESENTATION_CONTEXT(2) 
PARAMETRIC_REPRESENTATION_CONTEXT() REPRESENTATION_CONTEXT('2D SPACE',''
  ) );
#2261 = PCURVE('',#598,#2262);
#2262 = DEFINITIONAL_REPRESENTATION('',(#2263),#2267);
#2263 = LINE('',#2264,#2265);
#2264 = CARTESIAN_POINT('',(0.,40.));
#2265 = VECTOR('',#2266,1.);
#2266 = DIRECTION('',(1.,0.));
#2267 = ( GEOMETRIC_REPRESENTATION_CONTEXT(2) 
PARAMETRIC_REPRESENTATION_CONTEXT() REPRESENTATION_CONTEXT('2D SPACE',''
  ) );
#2268 = ORIENTED_EDGE('',*,*,#2269,.F.);
#2269 = EDGE_CURVE('',#2174,#2247,#2270,.T.);
#2270 = SURFACE_CURVE('',#2271,(#2275,#2282),.PCURVE_S1.);
#2271 = LINE('',#2272,#2273);
#2272 = CARTESIAN_POINT('',(20.,85.7314222818,-36.88041519268));
#2273 = VECTOR('',#2274,1.);
#2274 = DIRECTION('',(0.,0.978147600734,-0.207911690818));
#2275 = PCURVE('',#624,#2276);
#2276 = DEFINITIONAL_REPRESENTATION('',(#2277),#2281);
#2277 = LINE('',#2278,#2279);
#2278 = CARTESIAN_POINT('',(4.,22.875));
#2279 = VECTOR('',#2280,1.);
#2280 = DIRECTION('',(0.,-1.));
#2281 = ( GEOMETRIC_REPRESENTATION_CONTEXT(2) 
PARAMETRIC_REPRESENTATION_CONTEXT() REPRESENTATION_CONTEXT('2D SPACE',''
  ) );
#2282 = PCURVE('',#986,#2283);
#2283 = DEFINITIONAL_REPRESENTATION('',(#2284),#2288);
#2284 = LINE('',#2285,#2286);
#2285 = CARTESIAN_POINT('',(20.,22.875));
#2286 = VECTOR('',#2287,1.);
#2287 = DIRECTION('',(0.,1.));
#2288 = ( GEOMETRIC_REPRESENTATION_CONTEXT(2) 
PARAMETRIC_REPRESENTATION_CONTEXT() REPRESENTATION_CONTEXT('2D SPACE',''
  ) );
#2289 = ADVANCED_FACE('',(#2290),#570,.T.);
#2290 = FACE_BOUND('',#2291,.T.);
#2291 = EDGE_LOOP('',(#2292,#2293,#2294,#2317));
#2292 = ORIENTED_EDGE('',*,*,#2197,.F.);
#2293 = ORIENTED_EDGE('',*,*,#554,.T.);
#2294 = ORIENTED_EDGE('',*,*,#2295,.T.);
#2295 = EDGE_CURVE('',#555,#2296,#2298,.T.);
#2296 = VERTEX_POINT('',#2297);
#2297 = CARTESIAN_POINT('',(-20.,110.55191765042,-42.15617434718));
#2298 = SURFACE_CURVE('',#2299,(#2303,#2310),.PCURVE_S1.);
#2299 = LINE('',#2300,#2301);
#2300 = CARTESIAN_POINT('',(-20.,109.72027088714,-46.06876475012));
#2301 = VECTOR('',#2302,1.);
#2302 = DIRECTION('',(0.,0.207911690818,0.978147600734));
#2303 = PCURVE('',#570,#2304);
#2304 = DEFINITIONAL_REPRESENTATION('',(#2305),#2309);
#2305 = LINE('',#2306,#2307);
#2306 = CARTESIAN_POINT('',(1.33226762955E-15,-2.5));
#2307 = VECTOR('',#2308,1.);
#2308 = DIRECTION('',(1.,0.));
#2309 = ( GEOMETRIC_REPRESENTATION_CONTEXT(2) 
PARAMETRIC_REPRESENTATION_CONTEXT() REPRESENTATION_CONTEXT('2D SPACE',''
  ) );
#2310 = PCURVE('',#598,#2311);
#2311 = DEFINITIONAL_REPRESENTATION('',(#2312),#2316);
#2312 = LINE('',#2313,#2314);
#2313 = CARTESIAN_POINT('',(0.,0.));
#2314 = VECTOR('',#2315,1.);
#2315 = DIRECTION('',(1.,0.));
#2316 = ( GEOMETRIC_REPRESENTATION_CONTEXT(2) 
PARAMETRIC_REPRESENTATION_CONTEXT() REPRESENTATION_CONTEXT('2D SPACE',''
  ) );
#2317 = ORIENTED_EDGE('',*,*,#2318,.F.);
#2318 = EDGE_CURVE('',#2198,#2296,#2319,.T.);
#2319 = SURFACE_CURVE('',#2320,(#2324,#2331),.PCURVE_S1.);
#2320 = LINE('',#2321,#2322);
#2321 = CARTESIAN_POINT('',(-20.,85.7314222818,-36.88041519268));
#2322 = VECTOR('',#2323,1.);
#2323 = DIRECTION('',(0.,0.978147600734,-0.207911690818));
#2324 = PCURVE('',#570,#2325);
#2325 = DEFINITIONAL_REPRESENTATION('',(#2326),#2330);
#2326 = LINE('',#2327,#2328);
#2327 = CARTESIAN_POINT('',(4.,22.875));
#2328 = VECTOR('',#2329,1.);
#2329 = DIRECTION('',(0.,-1.));
#2330 = ( GEOMETRIC_REPRESENTATION_CONTEXT(2) 
PARAMETRIC_REPRESENTATION_CONTEXT() REPRESENTATION_CONTEXT('2D SPACE',''
  ) );
#2331 = PCURVE('',#986,#2332);
#2332 = DEFINITIONAL_REPRESENTATION('',(#2333),#2337);
#2333 = LINE('',#2334,#2335);
#2334 = CARTESIAN_POINT('',(-20.,22.875));
#2335 = VECTOR('',#2336,1.);
#2336 = DIRECTION('',(0.,1.));
#2337 = ( GEOMETRIC_REPRESENTATION_CONTEXT(2) 
PARAMETRIC_REPRESENTATION_CONTEXT() REPRESENTATION_CONTEXT('2D SPACE',''
  ) );
#2338 = ADVANCED_FACE('',(#2339),#598,.F.);
#2339 = FACE_BOUND('',#2340,.F.);
#2340 = EDGE_LOOP('',(#2341,#2342,#2343,#2344));
#2341 = ORIENTED_EDGE('',*,*,#2246,.F.);
#2342 = ORIENTED_EDGE('',*,*,#582,.T.);
#2343 = ORIENTED_EDGE('',*,*,#2295,.T.);
#2344 = ORIENTED_EDGE('',*,*,#2345,.F.);
#2345 = EDGE_CURVE('',#2247,#2296,#2346,.T.);
#2346 = SURFACE_CURVE('',#2347,(#2351,#2358),.PCURVE_S1.);
#2347 = LINE('',#2348,#2349);
#2348 = CARTESIAN_POINT('',(-10.,110.55191765042,-42.15617434718));
#2349 = VECTOR('',#2350,1.);
#2350 = DIRECTION('',(-1.,0.,0.));
#2351 = PCURVE('',#598,#2352);
#2352 = DEFINITIONAL_REPRESENTATION('',(#2353),#2357);
#2353 = LINE('',#2354,#2355);
#2354 = CARTESIAN_POINT('',(4.,10.));
#2355 = VECTOR('',#2356,1.);
#2356 = DIRECTION('',(0.,-1.));
#2357 = ( GEOMETRIC_REPRESENTATION_CONTEXT(2) 
PARAMETRIC_REPRESENTATION_CONTEXT() REPRESENTATION_CONTEXT('2D SPACE',''
  ) );
#2358 = PCURVE('',#986,#2359);
#2359 = DEFINITIONAL_REPRESENTATION('',(#2360),#2364);
#2360 = LINE('',#2361,#2362);
#2361 = CARTESIAN_POINT('',(-10.,48.25));
#2362 = VECTOR('',#2363,1.);
#2363 = DIRECTION('',(-1.,0.));
#2364 = ( GEOMETRIC_REPRESENTATION_CONTEXT(2) 
PARAMETRIC_REPRESENTATION_CONTEXT() REPRESENTATION_CONTEXT('2D SPACE',''
  ) );
#2365 = ADVANCED_FACE('',(#2366),#770,.T.);
#2366 = FACE_BOUND('',#2367,.F.);
#2367 = EDGE_LOOP('',(#2368,#2391,#2392,#2415));
#2368 = ORIENTED_EDGE('',*,*,#2369,.F.);
#2369 = EDGE_CURVE('',#748,#2370,#2372,.T.);
#2370 = VERTEX_POINT('',#2371);
#2371 = CARTESIAN_POINT('',(-30.,2.,-79.11775613486));
#2372 = SURFACE_CURVE('',#2373,(#2377,#2384),.PCURVE_S1.);
#2373 = LINE('',#2374,#2375);
#2374 = CARTESIAN_POINT('',(-85.5,2.,-79.11775613486));
#2375 = VECTOR('',#2376,1.);
#2376 = DIRECTION('',(1.,0.,0.));
#2377 = PCURVE('',#770,#2378);
#2378 = DEFINITIONAL_REPRESENTATION('',(#2379),#2383);
#2379 = LINE('',#2380,#2381);
#2380 = CARTESIAN_POINT('',(-0.,0.));
#2381 = VECTOR('',#2382,1.);
#2382 = DIRECTION('',(-0.,1.));
#2383 = ( GEOMETRIC_REPRESENTATION_CONTEXT(2) 
PARAMETRIC_REPRESENTATION_CONTEXT() REPRESENTATION_CONTEXT('2D SPACE',''
  ) );
#2384 = PCURVE('',#798,#2385);
#2385 = DEFINITIONAL_REPRESENTATION('',(#2386),#2390);
#2386 = LINE('',#2387,#2388);
#2387 = CARTESIAN_POINT('',(2.,0.));
#2388 = VECTOR('',#2389,1.);
#2389 = DIRECTION('',(0.,-1.));
#2390 = ( GEOMETRIC_REPRESENTATION_CONTEXT(2) 
PARAMETRIC_REPRESENTATION_CONTEXT() REPRESENTATION_CONTEXT('2D SPACE',''
  ) );
#2391 = ORIENTED_EDGE('',*,*,#747,.T.);
#2392 = ORIENTED_EDGE('',*,*,#2393,.T.);
#2393 = EDGE_CURVE('',#750,#2394,#2396,.T.);
#2394 = VERTEX_POINT('',#2395);
#2395 = CARTESIAN_POINT('',(-30.,-2.22044604925E-16,-77.11775613486));
#2396 = SURFACE_CURVE('',#2397,(#2401,#2408),.PCURVE_S1.);
#2397 = LINE('',#2398,#2399);
#2398 = CARTESIAN_POINT('',(-85.5,-4.440892098501E-16,-77.11775613486));
#2399 = VECTOR('',#2400,1.);
#2400 = DIRECTION('',(1.,0.,0.));
#2401 = PCURVE('',#770,#2402);
#2402 = DEFINITIONAL_REPRESENTATION('',(#2403),#2407);
#2403 = LINE('',#2404,#2405);
#2404 = CARTESIAN_POINT('',(-1.570796326795,0.));
#2405 = VECTOR('',#2406,1.);
#2406 = DIRECTION('',(-0.,1.));
#2407 = ( GEOMETRIC_REPRESENTATION_CONTEXT(2) 
PARAMETRIC_REPRESENTATION_CONTEXT() REPRESENTATION_CONTEXT('2D SPACE',''
  ) );
#2408 = PCURVE('',#1125,#2409);
#2409 = DEFINITIONAL_REPRESENTATION('',(#2410),#2414);
#2410 = LINE('',#2411,#2412);
#2411 = CARTESIAN_POINT('',(76.490403937247,0.));
#2412 = VECTOR('',#2413,1.);
#2413 = DIRECTION('',(0.,-1.));
#2414 = ( GEOMETRIC_REPRESENTATION_CONTEXT(2) 
PARAMETRIC_REPRESENTATION_CONTEXT() REPRESENTATION_CONTEXT('2D SPACE',''
  ) );
#2415 = ORIENTED_EDGE('',*,*,#2416,.T.);
#2416 = EDGE_CURVE('',#2394,#2370,#2417,.T.);
#2417 = SURFACE_CURVE('',#2418,(#2423,#2430),.PCURVE_S1.);
#2418 = CIRCLE('',#2419,2.);
#2419 = AXIS2_PLACEMENT_3D('',#2420,#2421,#2422);
#2420 = CARTESIAN_POINT('',(-30.,2.,-77.11775613486));
#2421 = DIRECTION('',(1.,0.,0.));
#2422 = DIRECTION('',(0.,0.,-1.));
#2423 = PCURVE('',#770,#2424);
#2424 = DEFINITIONAL_REPRESENTATION('',(#2425),#2429);
#2425 = LINE('',#2426,#2427);
#2426 = CARTESIAN_POINT('',(-6.28318530718,55.5));
#2427 = VECTOR('',#2428,1.);
#2428 = DIRECTION('',(1.,-0.));
#2429 = ( GEOMETRIC_REPRESENTATION_CONTEXT(2) 
PARAMETRIC_REPRESENTATION_CONTEXT() REPRESENTATION_CONTEXT('2D SPACE',''
  ) );
#2430 = PCURVE('',#2084,#2431);
#2431 = DEFINITIONAL_REPRESENTATION('',(#2432),#2436);
#2432 = CIRCLE('',#2433,2.);
#2433 = AXIS2_PLACEMENT_2D('',#2434,#2435);
#2434 = CARTESIAN_POINT('',(4.,-2.));
#2435 = DIRECTION('',(-1.,0.));
#2436 = ( GEOMETRIC_REPRESENTATION_CONTEXT(2) 
PARAMETRIC_REPRESENTATION_CONTEXT() REPRESENTATION_CONTEXT('2D SPACE',''
  ) );
#2437 = ADVANCED_FACE('',(#2438),#1125,.F.);
#2438 = FACE_BOUND('',#2439,.F.);
#2439 = EDGE_LOOP('',(#2440,#2441,#2464,#2485));
#2440 = ORIENTED_EDGE('',*,*,#1111,.F.);
#2441 = ORIENTED_EDGE('',*,*,#2442,.T.);
#2442 = EDGE_CURVE('',#1083,#2443,#2445,.T.);
#2443 = VERTEX_POINT('',#2444);
#2444 = CARTESIAN_POINT('',(-30.,-2.22044604925E-16,-2.627352197613));
#2445 = SURFACE_CURVE('',#2446,(#2450,#2457),.PCURVE_S1.);
#2446 = LINE('',#2447,#2448);
#2447 = CARTESIAN_POINT('',(-85.5,-4.440892098501E-16,-2.627352197613));
#2448 = VECTOR('',#2449,1.);
#2449 = DIRECTION('',(1.,0.,0.));
#2450 = PCURVE('',#1125,#2451);
#2451 = DEFINITIONAL_REPRESENTATION('',(#2452),#2456);
#2452 = LINE('',#2453,#2454);
#2453 = CARTESIAN_POINT('',(2.,0.));
#2454 = VECTOR('',#2455,1.);
#2455 = DIRECTION('',(0.,-1.));
#2456 = ( GEOMETRIC_REPRESENTATION_CONTEXT(2) 
PARAMETRIC_REPRESENTATION_CONTEXT() REPRESENTATION_CONTEXT('2D SPACE',''
  ) );
#2457 = PCURVE('',#1099,#2458);
#2458 = DEFINITIONAL_REPRESENTATION('',(#2459),#2463);
#2459 = LINE('',#2460,#2461);
#2460 = CARTESIAN_POINT('',(1.570796326795,0.));
#2461 = VECTOR('',#2462,1.);
#2462 = DIRECTION('',(0.,1.));
#2463 = ( GEOMETRIC_REPRESENTATION_CONTEXT(2) 
PARAMETRIC_REPRESENTATION_CONTEXT() REPRESENTATION_CONTEXT('2D SPACE',''
  ) );
#2464 = ORIENTED_EDGE('',*,*,#2465,.F.);
#2465 = EDGE_CURVE('',#2394,#2443,#2466,.T.);
#2466 = SURFACE_CURVE('',#2467,(#2471,#2478),.PCURVE_S1.);
#2467 = LINE('',#2468,#2469);
#2468 = CARTESIAN_POINT('',(-30.,0.,-81.11775613486));
#2469 = VECTOR('',#2470,1.);
#2470 = DIRECTION('',(0.,0.,1.));
#2471 = PCURVE('',#1125,#2472);
#2472 = DEFINITIONAL_REPRESENTATION('',(#2473),#2477);
#2473 = LINE('',#2474,#2475);
#2474 = CARTESIAN_POINT('',(80.490403937247,-55.5));
#2475 = VECTOR('',#2476,1.);
#2476 = DIRECTION('',(-1.,0.));
#2477 = ( GEOMETRIC_REPRESENTATION_CONTEXT(2) 
PARAMETRIC_REPRESENTATION_CONTEXT() REPRESENTATION_CONTEXT('2D SPACE',''
  ) );
#2478 = PCURVE('',#2084,#2479);
#2479 = DEFINITIONAL_REPRESENTATION('',(#2480),#2484);
#2480 = LINE('',#2481,#2482);
#2481 = CARTESIAN_POINT('',(0.,0.));
#2482 = VECTOR('',#2483,1.);
#2483 = DIRECTION('',(1.,0.));
#2484 = ( GEOMETRIC_REPRESENTATION_CONTEXT(2) 
PARAMETRIC_REPRESENTATION_CONTEXT() REPRESENTATION_CONTEXT('2D SPACE',''
  ) );
#2485 = ORIENTED_EDGE('',*,*,#2393,.F.);
#2486 = ADVANCED_FACE('',(#2487),#1099,.T.);
#2487 = FACE_BOUND('',#2488,.T.);
#2488 = EDGE_LOOP('',(#2489,#2512,#2513,#2514));
#2489 = ORIENTED_EDGE('',*,*,#2490,.F.);
#2490 = EDGE_CURVE('',#1055,#2491,#2493,.T.);
#2491 = VERTEX_POINT('',#2492);
#2492 = CARTESIAN_POINT('',(-30.,2.,-0.627352197613));
#2493 = SURFACE_CURVE('',#2494,(#2498,#2505),.PCURVE_S1.);
#2494 = LINE('',#2495,#2496);
#2495 = CARTESIAN_POINT('',(-85.5,2.,-0.627352197613));
#2496 = VECTOR('',#2497,1.);
#2497 = DIRECTION('',(1.,0.,0.));
#2498 = PCURVE('',#1099,#2499);
#2499 = DEFINITIONAL_REPRESENTATION('',(#2500),#2504);
#2500 = LINE('',#2501,#2502);
#2501 = CARTESIAN_POINT('',(0.,0.));
#2502 = VECTOR('',#2503,1.);
#2503 = DIRECTION('',(0.,1.));
#2504 = ( GEOMETRIC_REPRESENTATION_CONTEXT(2) 
PARAMETRIC_REPRESENTATION_CONTEXT() REPRESENTATION_CONTEXT('2D SPACE',''
  ) );
#2505 = PCURVE('',#1070,#2506);
#2506 = DEFINITIONAL_REPRESENTATION('',(#2507),#2511);
#2507 = LINE('',#2508,#2509);
#2508 = CARTESIAN_POINT('',(13.881840411552,0.));
#2509 = VECTOR('',#2510,1.);
#2510 = DIRECTION('',(0.,-1.));
#2511 = ( GEOMETRIC_REPRESENTATION_CONTEXT(2) 
PARAMETRIC_REPRESENTATION_CONTEXT() REPRESENTATION_CONTEXT('2D SPACE',''
  ) );
#2512 = ORIENTED_EDGE('',*,*,#1082,.T.);
#2513 = ORIENTED_EDGE('',*,*,#2442,.T.);
#2514 = ORIENTED_EDGE('',*,*,#2515,.F.);
#2515 = EDGE_CURVE('',#2491,#2443,#2516,.T.);
#2516 = SURFACE_CURVE('',#2517,(#2522,#2529),.PCURVE_S1.);
#2517 = CIRCLE('',#2518,2.);
#2518 = AXIS2_PLACEMENT_3D('',#2519,#2520,#2521);
#2519 = CARTESIAN_POINT('',(-30.,2.,-2.627352197613));
#2520 = DIRECTION('',(1.,0.,0.));
#2521 = DIRECTION('',(0.,-0.,1.));
#2522 = PCURVE('',#1099,#2523);
#2523 = DEFINITIONAL_REPRESENTATION('',(#2524),#2528);
#2524 = LINE('',#2525,#2526);
#2525 = CARTESIAN_POINT('',(0.,55.5));
#2526 = VECTOR('',#2527,1.);
#2527 = DIRECTION('',(1.,0.));
#2528 = ( GEOMETRIC_REPRESENTATION_CONTEXT(2) 
PARAMETRIC_REPRESENTATION_CONTEXT() REPRESENTATION_CONTEXT('2D SPACE',''
  ) );
#2529 = PCURVE('',#2084,#2530);
#2530 = DEFINITIONAL_REPRESENTATION('',(#2531),#2535);
#2531 = CIRCLE('',#2532,2.);
#2532 = AXIS2_PLACEMENT_2D('',#2533,#2534);
#2533 = CARTESIAN_POINT('',(78.490403937247,-2.));
#2534 = DIRECTION('',(1.,0.));
#2535 = ( GEOMETRIC_REPRESENTATION_CONTEXT(2) 
PARAMETRIC_REPRESENTATION_CONTEXT() REPRESENTATION_CONTEXT('2D SPACE',''
  ) );
#2536 = ADVANCED_FACE('',(#2537),#1070,.F.);
#2537 = FACE_BOUND('',#2538,.F.);
#2538 = EDGE_LOOP('',(#2539,#2540,#2561,#2562,#2585,#2606,#2632,#2651));
#2539 = ORIENTED_EDGE('',*,*,#1054,.F.);
#2540 = ORIENTED_EDGE('',*,*,#2541,.T.);
#2541 = EDGE_CURVE('',#1026,#1941,#2542,.T.);
#2542 = SURFACE_CURVE('',#2543,(#2547,#2554),.PCURVE_S1.);
#2543 = LINE('',#2544,#2545);
#2544 = CARTESIAN_POINT('',(-85.5,13.412046098482,-0.627352197613));
#2545 = VECTOR('',#2546,1.);
#2546 = DIRECTION('',(1.,0.,0.));
#2547 = PCURVE('',#1070,#2548);
#2548 = DEFINITIONAL_REPRESENTATION('',(#2549),#2553);
#2549 = LINE('',#2550,#2551);
#2550 = CARTESIAN_POINT('',(2.46979431307,0.));
#2551 = VECTOR('',#2552,1.);
#2552 = DIRECTION('',(0.,-1.));
#2553 = ( GEOMETRIC_REPRESENTATION_CONTEXT(2) 
PARAMETRIC_REPRESENTATION_CONTEXT() REPRESENTATION_CONTEXT('2D SPACE',''
  ) );
#2554 = PCURVE('',#1042,#2555);
#2555 = DEFINITIONAL_REPRESENTATION('',(#2556),#2560);
#2556 = LINE('',#2557,#2558);
#2557 = CARTESIAN_POINT('',(1.780235837034,0.));
#2558 = VECTOR('',#2559,1.);
#2559 = DIRECTION('',(0.,1.));
#2560 = ( GEOMETRIC_REPRESENTATION_CONTEXT(2) 
PARAMETRIC_REPRESENTATION_CONTEXT() REPRESENTATION_CONTEXT('2D SPACE',''
  ) );
#2561 = ORIENTED_EDGE('',*,*,#1964,.T.);
#2562 = ORIENTED_EDGE('',*,*,#2563,.F.);
#2563 = EDGE_CURVE('',#2564,#1965,#2566,.T.);
#2564 = VERTEX_POINT('',#2565);
#2565 = CARTESIAN_POINT('',(30.,2.,-0.627352197613));
#2566 = SURFACE_CURVE('',#2567,(#2571,#2578),.PCURVE_S1.);
#2567 = LINE('',#2568,#2569);
#2568 = CARTESIAN_POINT('',(-85.5,2.,-0.627352197613));
#2569 = VECTOR('',#2570,1.);
#2570 = DIRECTION('',(1.,0.,0.));
#2571 = PCURVE('',#1070,#2572);
#2572 = DEFINITIONAL_REPRESENTATION('',(#2573),#2577);
#2573 = LINE('',#2574,#2575);
#2574 = CARTESIAN_POINT('',(13.881840411552,0.));
#2575 = VECTOR('',#2576,1.);
#2576 = DIRECTION('',(0.,-1.));
#2577 = ( GEOMETRIC_REPRESENTATION_CONTEXT(2) 
PARAMETRIC_REPRESENTATION_CONTEXT() REPRESENTATION_CONTEXT('2D SPACE',''
  ) );
#2578 = PCURVE('',#2004,#2579);
#2579 = DEFINITIONAL_REPRESENTATION('',(#2580),#2584);
#2580 = LINE('',#2581,#2582);
#2581 = CARTESIAN_POINT('',(0.,0.));
#2582 = VECTOR('',#2583,1.);
#2583 = DIRECTION('',(0.,1.));
#2584 = ( GEOMETRIC_REPRESENTATION_CONTEXT(2) 
PARAMETRIC_REPRESENTATION_CONTEXT() REPRESENTATION_CONTEXT('2D SPACE',''
  ) );
#2585 = ORIENTED_EDGE('',*,*,#2586,.F.);
#2586 = EDGE_CURVE('',#2587,#2564,#2589,.T.);
#2587 = VERTEX_POINT('',#2588);
#2588 = CARTESIAN_POINT('',(30.,9.,-0.627352197613));
#2589 = SURFACE_CURVE('',#2590,(#2594,#2600),.PCURVE_S1.);
#2590 = LINE('',#2591,#2592);
#2591 = CARTESIAN_POINT('',(30.,7.940920205776,-0.627352197613));
#2592 = VECTOR('',#2593,1.);
#2593 = DIRECTION('',(0.,-1.,0.));
#2594 = PCURVE('',#1070,#2595);
#2595 = DEFINITIONAL_REPRESENTATION('',(#2596),#2599);
#2596 = B_SPLINE_CURVE_WITH_KNOTS('',1,(#2597,#2598),.UNSPECIFIED.,.F.,
  .F.,(2,2),(-1.059079794224,5.940920205776),.PIECEWISE_BEZIER_KNOTS.);
#2597 = CARTESIAN_POINT('',(6.881840411552,-115.5));
#2598 = CARTESIAN_POINT('',(13.881840411552,-115.5));
#2599 = ( GEOMETRIC_REPRESENTATION_CONTEXT(2) 
PARAMETRIC_REPRESENTATION_CONTEXT() REPRESENTATION_CONTEXT('2D SPACE',''
  ) );
#2600 = PCURVE('',#2136,#2601);
#2601 = DEFINITIONAL_REPRESENTATION('',(#2602),#2605);
#2602 = B_SPLINE_CURVE_WITH_KNOTS('',1,(#2603,#2604),.UNSPECIFIED.,.F.,
  .F.,(2,2),(-1.059079794224,5.940920205776),.PIECEWISE_BEZIER_KNOTS.);
#2603 = CARTESIAN_POINT('',(80.490403937247,-9.));
#2604 = CARTESIAN_POINT('',(80.490403937247,-2.));
#2605 = ( GEOMETRIC_REPRESENTATION_CONTEXT(2) 
PARAMETRIC_REPRESENTATION_CONTEXT() REPRESENTATION_CONTEXT('2D SPACE',''
  ) );
#2606 = ORIENTED_EDGE('',*,*,#2607,.F.);
#2607 = EDGE_CURVE('',#2608,#2587,#2610,.T.);
#2608 = VERTEX_POINT('',#2609);
#2609 = CARTESIAN_POINT('',(-30.,9.,-0.627352197613));
#2610 = SURFACE_CURVE('',#2611,(#2615,#2621),.PCURVE_S1.);
#2611 = LINE('',#2612,#2613);
#2612 = CARTESIAN_POINT('',(-57.75,9.,-0.627352197613));
#2613 = VECTOR('',#2614,1.);
#2614 = DIRECTION('',(1.,-0.,0.));
#2615 = PCURVE('',#1070,#2616);
#2616 = DEFINITIONAL_REPRESENTATION('',(#2617),#2620);
#2617 = B_SPLINE_CURVE_WITH_KNOTS('',1,(#2618,#2619),.UNSPECIFIED.,.F.,
  .F.,(2,2),(27.75,87.75),.PIECEWISE_BEZIER_KNOTS.);
#2618 = CARTESIAN_POINT('',(6.881840411552,-55.5));
#2619 = CARTESIAN_POINT('',(6.881840411552,-115.5));
#2620 = ( GEOMETRIC_REPRESENTATION_CONTEXT(2) 
PARAMETRIC_REPRESENTATION_CONTEXT() REPRESENTATION_CONTEXT('2D SPACE',''
  ) );
#2621 = PCURVE('',#2622,#2627);
#2622 = PLANE('',#2623);
#2623 = AXIS2_PLACEMENT_3D('',#2624,#2625,#2626);
#2624 = CARTESIAN_POINT('',(-30.,9.,-81.11775613486));
#2625 = DIRECTION('',(0.,1.,0.));
#2626 = DIRECTION('',(0.,0.,1.));
#2627 = DEFINITIONAL_REPRESENTATION('',(#2628),#2631);
#2628 = B_SPLINE_CURVE_WITH_KNOTS('',1,(#2629,#2630),.UNSPECIFIED.,.F.,
  .F.,(2,2),(27.75,87.75),.PIECEWISE_BEZIER_KNOTS.);
#2629 = CARTESIAN_POINT('',(80.490403937247,0.));
#2630 = CARTESIAN_POINT('',(80.490403937247,60.));
#2631 = ( GEOMETRIC_REPRESENTATION_CONTEXT(2) 
PARAMETRIC_REPRESENTATION_CONTEXT() REPRESENTATION_CONTEXT('2D SPACE',''
  ) );
#2632 = ORIENTED_EDGE('',*,*,#2633,.T.);
#2633 = EDGE_CURVE('',#2608,#2491,#2634,.T.);
#2634 = SURFACE_CURVE('',#2635,(#2639,#2645),.PCURVE_S1.);
#2635 = LINE('',#2636,#2637);
#2636 = CARTESIAN_POINT('',(-30.,7.940920205776,-0.627352197613));
#2637 = VECTOR('',#2638,1.);
#2638 = DIRECTION('',(0.,-1.,0.));
#2639 = PCURVE('',#1070,#2640);
#2640 = DEFINITIONAL_REPRESENTATION('',(#2641),#2644);
#2641 = B_SPLINE_CURVE_WITH_KNOTS('',1,(#2642,#2643),.UNSPECIFIED.,.F.,
  .F.,(2,2),(-1.059079794224,5.940920205776),.PIECEWISE_BEZIER_KNOTS.);
#2642 = CARTESIAN_POINT('',(6.881840411552,-55.5));
#2643 = CARTESIAN_POINT('',(13.881840411552,-55.5));
#2644 = ( GEOMETRIC_REPRESENTATION_CONTEXT(2) 
PARAMETRIC_REPRESENTATION_CONTEXT() REPRESENTATION_CONTEXT('2D SPACE',''
  ) );
#2645 = PCURVE('',#2084,#2646);
#2646 = DEFINITIONAL_REPRESENTATION('',(#2647),#2650);
#2647 = B_SPLINE_CURVE_WITH_KNOTS('',1,(#2648,#2649),.UNSPECIFIED.,.F.,
  .F.,(2,2),(-1.059079794224,5.940920205776),.PIECEWISE_BEZIER_KNOTS.);
#2648 = CARTESIAN_POINT('',(80.490403937247,-9.));
#2649 = CARTESIAN_POINT('',(80.490403937247,-2.));
#2650 = ( GEOMETRIC_REPRESENTATION_CONTEXT(2) 
PARAMETRIC_REPRESENTATION_CONTEXT() REPRESENTATION_CONTEXT('2D SPACE',''
  ) );
#2651 = ORIENTED_EDGE('',*,*,#2490,.F.);
#2652 = ADVANCED_FACE('',(#2653),#1042,.T.);
#2653 = FACE_BOUND('',#2654,.T.);
#2654 = EDGE_LOOP('',(#2655,#2656,#2657,#2658));
#2655 = ORIENTED_EDGE('',*,*,#1025,.T.);
#2656 = ORIENTED_EDGE('',*,*,#2541,.T.);
#2657 = ORIENTED_EDGE('',*,*,#1940,.F.);
#2658 = ORIENTED_EDGE('',*,*,#2659,.F.);
#2659 = EDGE_CURVE('',#998,#1918,#2660,.T.);
#2660 = SURFACE_CURVE('',#2661,(#2665,#2672),.PCURVE_S1.);
#2661 = LINE('',#2662,#2663);
#2662 = CARTESIAN_POINT('',(-85.5,15.368341299949,-3.043175579249));
#2663 = VECTOR('',#2664,1.);
#2664 = DIRECTION('',(1.,0.,0.));
#2665 = PCURVE('',#1042,#2666);
#2666 = DEFINITIONAL_REPRESENTATION('',(#2667),#2671);
#2667 = LINE('',#2668,#2669);
#2668 = CARTESIAN_POINT('',(0.,0.));
#2669 = VECTOR('',#2670,1.);
#2670 = DIRECTION('',(0.,1.));
#2671 = ( GEOMETRIC_REPRESENTATION_CONTEXT(2) 
PARAMETRIC_REPRESENTATION_CONTEXT() REPRESENTATION_CONTEXT('2D SPACE',''
  ) );
#2672 = PCURVE('',#1013,#2673);
#2673 = DEFINITIONAL_REPRESENTATION('',(#2674),#2678);
#2674 = LINE('',#2675,#2676);
#2675 = CARTESIAN_POINT('',(45.05923290365,0.));
#2676 = VECTOR('',#2677,1.);
#2677 = DIRECTION('',(0.,-1.));
#2678 = ( GEOMETRIC_REPRESENTATION_CONTEXT(2) 
PARAMETRIC_REPRESENTATION_CONTEXT() REPRESENTATION_CONTEXT('2D SPACE',''
  ) );
#2679 = ADVANCED_FACE('',(#2680),#1013,.F.);
#2680 = FACE_BOUND('',#2681,.F.);
#2681 = EDGE_LOOP('',(#2682,#2683,#2702,#2703));
#2682 = ORIENTED_EDGE('',*,*,#997,.F.);
#2683 = ORIENTED_EDGE('',*,*,#2684,.T.);
#2684 = EDGE_CURVE('',#972,#1897,#2685,.T.);
#2685 = SURFACE_CURVE('',#2686,(#2690,#2696),.PCURVE_S1.);
#2686 = LINE('',#2687,#2688);
#2687 = CARTESIAN_POINT('',(-42.75,11.52852265686,-21.10810198246));
#2688 = VECTOR('',#2689,1.);
#2689 = DIRECTION('',(1.,0.,-0.));
#2690 = PCURVE('',#1013,#2691);
#2691 = DEFINITIONAL_REPRESENTATION('',(#2692),#2695);
#2692 = B_SPLINE_CURVE_WITH_KNOTS('',1,(#2693,#2694),.UNSPECIFIED.,.F.,
  .F.,(2,2),(-42.75,128.25),.PIECEWISE_BEZIER_KNOTS.);
#2693 = CARTESIAN_POINT('',(26.590725298396,0.));
#2694 = CARTESIAN_POINT('',(26.590725298396,-171.));
#2695 = ( GEOMETRIC_REPRESENTATION_CONTEXT(2) 
PARAMETRIC_REPRESENTATION_CONTEXT() REPRESENTATION_CONTEXT('2D SPACE',''
  ) );
#2696 = PCURVE('',#986,#2697);
#2697 = DEFINITIONAL_REPRESENTATION('',(#2698),#2701);
#2698 = B_SPLINE_CURVE_WITH_KNOTS('',1,(#2699,#2700),.UNSPECIFIED.,.F.,
  .F.,(2,2),(-42.75,128.25),.PIECEWISE_BEZIER_KNOTS.);
#2699 = CARTESIAN_POINT('',(-85.5,-52.98563654327));
#2700 = CARTESIAN_POINT('',(85.5,-52.98563654327));
#2701 = ( GEOMETRIC_REPRESENTATION_CONTEXT(2) 
PARAMETRIC_REPRESENTATION_CONTEXT() REPRESENTATION_CONTEXT('2D SPACE',''
  ) );
#2702 = ORIENTED_EDGE('',*,*,#1917,.T.);
#2703 = ORIENTED_EDGE('',*,*,#2659,.F.);
#2704 = ADVANCED_FACE('',(#2705,#2823,#2854,#2885,#2916,#2922),#986,.T.
  );
#2705 = FACE_BOUND('',#2706,.T.);
#2706 = EDGE_LOOP('',(#2707,#2732,#2753,#2754,#2755,#2756,#2779,#2802));
#2707 = ORIENTED_EDGE('',*,*,#2708,.T.);
#2708 = EDGE_CURVE('',#2709,#2711,#2713,.T.);
#2709 = VERTEX_POINT('',#2710);
#2710 = CARTESIAN_POINT('',(-88.5,117.15441395537,-43.5595782602));
#2711 = VERTEX_POINT('',#2712);
#2712 = CARTESIAN_POINT('',(-88.5,9.558177874655,-20.68929227025));
#2713 = SURFACE_CURVE('',#2714,(#2718,#2725),.PCURVE_S1.);
#2714 = LINE('',#2715,#2716);
#2715 = CARTESIAN_POINT('',(-88.5,117.15441395537,-43.5595782602));
#2716 = VECTOR('',#2717,1.);
#2717 = DIRECTION('',(0.,-0.978147600734,0.207911690818));
#2718 = PCURVE('',#986,#2719);
#2719 = DEFINITIONAL_REPRESENTATION('',(#2720),#2724);
#2720 = LINE('',#2721,#2722);
#2721 = CARTESIAN_POINT('',(-88.5,55.));
#2722 = VECTOR('',#2723,1.);
#2723 = DIRECTION('',(0.,-1.));
#2724 = ( GEOMETRIC_REPRESENTATION_CONTEXT(2) 
PARAMETRIC_REPRESENTATION_CONTEXT() REPRESENTATION_CONTEXT('2D SPACE',''
  ) );
#2725 = PCURVE('',#1182,#2726);
#2726 = DEFINITIONAL_REPRESENTATION('',(#2727),#2731);
#2727 = LINE('',#2728,#2729);
#2728 = CARTESIAN_POINT('',(4.440892098501E-15,-20.));
#2729 = VECTOR('',#2730,1.);
#2730 = DIRECTION('',(1.,0.));
#2731 = ( GEOMETRIC_REPRESENTATION_CONTEXT(2) 
PARAMETRIC_REPRESENTATION_CONTEXT() REPRESENTATION_CONTEXT('2D SPACE',''
  ) );
#2732 = ORIENTED_EDGE('',*,*,#2733,.T.);
#2733 = EDGE_CURVE('',#2711,#946,#2734,.T.);
#2734 = SURFACE_CURVE('',#2735,(#2739,#2746),.PCURVE_S1.);
#2735 = LINE('',#2736,#2737);
#2736 = CARTESIAN_POINT('',(-88.5,9.558177874655,-20.68929227025));
#2737 = VECTOR('',#2738,1.);
#2738 = DIRECTION('',(1.,0.,0.));
#2739 = PCURVE('',#986,#2740);
#2740 = DEFINITIONAL_REPRESENTATION('',(#2741),#2745);
#2741 = LINE('',#2742,#2743);
#2742 = CARTESIAN_POINT('',(-88.5,-55.));
#2743 = VECTOR('',#2744,1.);
#2744 = DIRECTION('',(1.,0.));
#2745 = ( GEOMETRIC_REPRESENTATION_CONTEXT(2) 
PARAMETRIC_REPRESENTATION_CONTEXT() REPRESENTATION_CONTEXT('2D SPACE',''
  ) );
#2746 = PCURVE('',#960,#2747);
#2747 = DEFINITIONAL_REPRESENTATION('',(#2748),#2752);
#2748 = LINE('',#2749,#2750);
#2749 = CARTESIAN_POINT('',(0.,-20.));
#2750 = VECTOR('',#2751,1.);
#2751 = DIRECTION('',(1.,0.));
#2752 = ( GEOMETRIC_REPRESENTATION_CONTEXT(2) 
PARAMETRIC_REPRESENTATION_CONTEXT() REPRESENTATION_CONTEXT('2D SPACE',''
  ) );
#2753 = ORIENTED_EDGE('',*,*,#971,.T.);
#2754 = ORIENTED_EDGE('',*,*,#2684,.T.);
#2755 = ORIENTED_EDGE('',*,*,#1896,.F.);
#2756 = ORIENTED_EDGE('',*,*,#2757,.T.);
#2757 = EDGE_CURVE('',#1876,#2758,#2760,.T.);
#2758 = VERTEX_POINT('',#2759);
#2759 = CARTESIAN_POINT('',(88.5,9.558177874655,-20.68929227025));
#2760 = SURFACE_CURVE('',#2761,(#2765,#2772),.PCURVE_S1.);
#2761 = LINE('',#2762,#2763);
#2762 = CARTESIAN_POINT('',(-88.5,9.558177874655,-20.68929227025));
#2763 = VECTOR('',#2764,1.);
#2764 = DIRECTION('',(1.,0.,0.));
#2765 = PCURVE('',#986,#2766);
#2766 = DEFINITIONAL_REPRESENTATION('',(#2767),#2771);
#2767 = LINE('',#2768,#2769);
#2768 = CARTESIAN_POINT('',(-88.5,-55.));
#2769 = VECTOR('',#2770,1.);
#2770 = DIRECTION('',(1.,0.));
#2771 = ( GEOMETRIC_REPRESENTATION_CONTEXT(2) 
PARAMETRIC_REPRESENTATION_CONTEXT() REPRESENTATION_CONTEXT('2D SPACE',''
  ) );
#2772 = PCURVE('',#1266,#2773);
#2773 = DEFINITIONAL_REPRESENTATION('',(#2774),#2778);
#2774 = LINE('',#2775,#2776);
#2775 = CARTESIAN_POINT('',(0.,-20.));
#2776 = VECTOR('',#2777,1.);
#2777 = DIRECTION('',(1.,0.));
#2778 = ( GEOMETRIC_REPRESENTATION_CONTEXT(2) 
PARAMETRIC_REPRESENTATION_CONTEXT() REPRESENTATION_CONTEXT('2D SPACE',''
  ) );
#2779 = ORIENTED_EDGE('',*,*,#2780,.T.);
#2780 = EDGE_CURVE('',#2758,#2781,#2783,.T.);
#2781 = VERTEX_POINT('',#2782);
#2782 = CARTESIAN_POINT('',(88.5,117.15441395537,-43.5595782602));
#2783 = SURFACE_CURVE('',#2784,(#2788,#2795),.PCURVE_S1.);
#2784 = LINE('',#2785,#2786);
#2785 = CARTESIAN_POINT('',(88.5,9.558177874655,-20.68929227025));
#2786 = VECTOR('',#2787,1.);
#2787 = DIRECTION('',(0.,0.978147600734,-0.207911690818));
#2788 = PCURVE('',#986,#2789);
#2789 = DEFINITIONAL_REPRESENTATION('',(#2790),#2794);
#2790 = LINE('',#2791,#2792);
#2791 = CARTESIAN_POINT('',(88.5,-55.));
#2792 = VECTOR('',#2793,1.);
#2793 = DIRECTION('',(0.,1.));
#2794 = ( GEOMETRIC_REPRESENTATION_CONTEXT(2) 
PARAMETRIC_REPRESENTATION_CONTEXT() REPRESENTATION_CONTEXT('2D SPACE',''
  ) );
#2795 = PCURVE('',#1238,#2796);
#2796 = DEFINITIONAL_REPRESENTATION('',(#2797),#2801);
#2797 = LINE('',#2798,#2799);
#2798 = CARTESIAN_POINT('',(1.7763568394E-15,-20.));
#2799 = VECTOR('',#2800,1.);
#2800 = DIRECTION('',(1.,0.));
#2801 = ( GEOMETRIC_REPRESENTATION_CONTEXT(2) 
PARAMETRIC_REPRESENTATION_CONTEXT() REPRESENTATION_CONTEXT('2D SPACE',''
  ) );
#2802 = ORIENTED_EDGE('',*,*,#2803,.T.);
#2803 = EDGE_CURVE('',#2781,#2709,#2804,.T.);
#2804 = SURFACE_CURVE('',#2805,(#2809,#2816),.PCURVE_S1.);
#2805 = LINE('',#2806,#2807);
#2806 = CARTESIAN_POINT('',(88.5,117.15441395537,-43.5595782602));
#2807 = VECTOR('',#2808,1.);
#2808 = DIRECTION('',(-1.,0.,0.));
#2809 = PCURVE('',#986,#2810);
#2810 = DEFINITIONAL_REPRESENTATION('',(#2811),#2815);
#2811 = LINE('',#2812,#2813);
#2812 = CARTESIAN_POINT('',(88.5,55.));
#2813 = VECTOR('',#2814,1.);
#2814 = DIRECTION('',(-1.,0.));
#2815 = ( GEOMETRIC_REPRESENTATION_CONTEXT(2) 
PARAMETRIC_REPRESENTATION_CONTEXT() REPRESENTATION_CONTEXT('2D SPACE',''
  ) );
#2816 = PCURVE('',#1210,#2817);
#2817 = DEFINITIONAL_REPRESENTATION('',(#2818),#2822);
#2818 = LINE('',#2819,#2820);
#2819 = CARTESIAN_POINT('',(-0.,-20.));
#2820 = VECTOR('',#2821,1.);
#2821 = DIRECTION('',(1.,0.));
#2822 = ( GEOMETRIC_REPRESENTATION_CONTEXT(2) 
PARAMETRIC_REPRESENTATION_CONTEXT() REPRESENTATION_CONTEXT('2D SPACE',''
  ) );
#2823 = FACE_BOUND('',#2824,.T.);
#2824 = EDGE_LOOP('',(#2825));
#2825 = ORIENTED_EDGE('',*,*,#2826,.F.);
#2826 = EDGE_CURVE('',#2827,#2827,#2829,.T.);
#2827 = VERTEX_POINT('',#2828);
#2828 = CARTESIAN_POINT('',(-71.,23.252244284928,-23.6000559417));
#2829 = SURFACE_CURVE('',#2830,(#2835,#2842),.PCURVE_S1.);
#2830 = CIRCLE('',#2831,3.5);
#2831 = AXIS2_PLACEMENT_3D('',#2832,#2833,#2834);
#2832 = CARTESIAN_POINT('',(-74.5,23.252244284928,-23.6000559417));
#2833 = DIRECTION('',(-0.,0.207911690818,0.978147600734));
#2834 = DIRECTION('',(1.,0.,0.));
#2835 = PCURVE('',#986,#2836);
#2836 = DEFINITIONAL_REPRESENTATION('',(#2837),#2841);
#2837 = CIRCLE('',#2838,3.5);
#2838 = AXIS2_PLACEMENT_2D('',#2839,#2840);
#2839 = CARTESIAN_POINT('',(-74.5,-41.));
#2840 = DIRECTION('',(1.,0.));
#2841 = ( GEOMETRIC_REPRESENTATION_CONTEXT(2) 
PARAMETRIC_REPRESENTATION_CONTEXT() REPRESENTATION_CONTEXT('2D SPACE',''
  ) );
#2842 = PCURVE('',#2843,#2848);
#2843 = CYLINDRICAL_SURFACE('',#2844,3.5);
#2844 = AXIS2_PLACEMENT_3D('',#2845,#2846,#2847);
#2845 = CARTESIAN_POINT('',(-74.5,23.252244284928,-23.6000559417));
#2846 = DIRECTION('',(-0.,-0.207911690818,-0.978147600734));
#2847 = DIRECTION('',(1.,0.,0.));
#2848 = DEFINITIONAL_REPRESENTATION('',(#2849),#2853);
#2849 = LINE('',#2850,#2851);
#2850 = CARTESIAN_POINT('',(-0.,0.));
#2851 = VECTOR('',#2852,1.);
#2852 = DIRECTION('',(-1.,0.));
#2853 = ( GEOMETRIC_REPRESENTATION_CONTEXT(2) 
PARAMETRIC_REPRESENTATION_CONTEXT() REPRESENTATION_CONTEXT('2D SPACE',''
  ) );
#2854 = FACE_BOUND('',#2855,.T.);
#2855 = EDGE_LOOP('',(#2856));
#2856 = ORIENTED_EDGE('',*,*,#2857,.F.);
#2857 = EDGE_CURVE('',#2858,#2858,#2860,.T.);
#2858 = VERTEX_POINT('',#2859);
#2859 = CARTESIAN_POINT('',(78.,23.252244284928,-23.6000559417));
#2860 = SURFACE_CURVE('',#2861,(#2866,#2873),.PCURVE_S1.);
#2861 = CIRCLE('',#2862,3.5);
#2862 = AXIS2_PLACEMENT_3D('',#2863,#2864,#2865);
#2863 = CARTESIAN_POINT('',(74.5,23.252244284928,-23.6000559417));
#2864 = DIRECTION('',(-0.,0.207911690818,0.978147600734));
#2865 = DIRECTION('',(1.,0.,0.));
#2866 = PCURVE('',#986,#2867);
#2867 = DEFINITIONAL_REPRESENTATION('',(#2868),#2872);
#2868 = CIRCLE('',#2869,3.5);
#2869 = AXIS2_PLACEMENT_2D('',#2870,#2871);
#2870 = CARTESIAN_POINT('',(74.5,-41.));
#2871 = DIRECTION('',(1.,0.));
#2872 = ( GEOMETRIC_REPRESENTATION_CONTEXT(2) 
PARAMETRIC_REPRESENTATION_CONTEXT() REPRESENTATION_CONTEXT('2D SPACE',''
  ) );
#2873 = PCURVE('',#2874,#2879);
#2874 = CYLINDRICAL_SURFACE('',#2875,3.5);
#2875 = AXIS2_PLACEMENT_3D('',#2876,#2877,#2878);
#2876 = CARTESIAN_POINT('',(74.5,23.252244284928,-23.6000559417));
#2877 = DIRECTION('',(-0.,-0.207911690818,-0.978147600734));
#2878 = DIRECTION('',(1.,0.,0.));
#2879 = DEFINITIONAL_REPRESENTATION('',(#2880),#2884);
#2880 = LINE('',#2881,#2882);
#2881 = CARTESIAN_POINT('',(-0.,0.));
#2882 = VECTOR('',#2883,1.);
#2883 = DIRECTION('',(-1.,0.));
#2884 = ( GEOMETRIC_REPRESENTATION_CONTEXT(2) 
PARAMETRIC_REPRESENTATION_CONTEXT() REPRESENTATION_CONTEXT('2D SPACE',''
  ) );
#2885 = FACE_BOUND('',#2886,.T.);
#2886 = EDGE_LOOP('',(#2887));
#2887 = ORIENTED_EDGE('',*,*,#2888,.F.);
#2888 = EDGE_CURVE('',#2889,#2889,#2891,.T.);
#2889 = VERTEX_POINT('',#2890);
#2890 = CARTESIAN_POINT('',(-71.,103.4603475451,-40.64881458875));
#2891 = SURFACE_CURVE('',#2892,(#2897,#2904),.PCURVE_S1.);
#2892 = CIRCLE('',#2893,3.5);
#2893 = AXIS2_PLACEMENT_3D('',#2894,#2895,#2896);
#2894 = CARTESIAN_POINT('',(-74.5,103.4603475451,-40.64881458875));
#2895 = DIRECTION('',(-0.,0.207911690818,0.978147600734));
#2896 = DIRECTION('',(1.,0.,0.));
#2897 = PCURVE('',#986,#2898);
#2898 = DEFINITIONAL_REPRESENTATION('',(#2899),#2903);
#2899 = CIRCLE('',#2900,3.5);
#2900 = AXIS2_PLACEMENT_2D('',#2901,#2902);
#2901 = CARTESIAN_POINT('',(-74.5,41.));
#2902 = DIRECTION('',(1.,0.));
#2903 = ( GEOMETRIC_REPRESENTATION_CONTEXT(2) 
PARAMETRIC_REPRESENTATION_CONTEXT() REPRESENTATION_CONTEXT('2D SPACE',''
  ) );
#2904 = PCURVE('',#2905,#2910);
#2905 = CYLINDRICAL_SURFACE('',#2906,3.5);
#2906 = AXIS2_PLACEMENT_3D('',#2907,#2908,#2909);
#2907 = CARTESIAN_POINT('',(-74.5,103.4603475451,-40.64881458875));
#2908 = DIRECTION('',(-0.,-0.207911690818,-0.978147600734));
#2909 = DIRECTION('',(1.,0.,0.));
#2910 = DEFINITIONAL_REPRESENTATION('',(#2911),#2915);
#2911 = LINE('',#2912,#2913);
#2912 = CARTESIAN_POINT('',(-0.,0.));
#2913 = VECTOR('',#2914,1.);
#2914 = DIRECTION('',(-1.,0.));
#2915 = ( GEOMETRIC_REPRESENTATION_CONTEXT(2) 
PARAMETRIC_REPRESENTATION_CONTEXT() REPRESENTATION_CONTEXT('2D SPACE',''
  ) );
#2916 = FACE_BOUND('',#2917,.T.);
#2917 = EDGE_LOOP('',(#2918,#2919,#2920,#2921));
#2918 = ORIENTED_EDGE('',*,*,#2220,.T.);
#2919 = ORIENTED_EDGE('',*,*,#2318,.T.);
#2920 = ORIENTED_EDGE('',*,*,#2345,.F.);
#2921 = ORIENTED_EDGE('',*,*,#2269,.F.);
#2922 = FACE_BOUND('',#2923,.T.);
#2923 = EDGE_LOOP('',(#2924));
#2924 = ORIENTED_EDGE('',*,*,#2925,.F.);
#2925 = EDGE_CURVE('',#2926,#2926,#2928,.T.);
#2926 = VERTEX_POINT('',#2927);
#2927 = CARTESIAN_POINT('',(78.,103.4603475451,-40.64881458875));
#2928 = SURFACE_CURVE('',#2929,(#2934,#2941),.PCURVE_S1.);
#2929 = CIRCLE('',#2930,3.5);
#2930 = AXIS2_PLACEMENT_3D('',#2931,#2932,#2933);
#2931 = CARTESIAN_POINT('',(74.5,103.4603475451,-40.64881458875));
#2932 = DIRECTION('',(-0.,0.207911690818,0.978147600734));
#2933 = DIRECTION('',(1.,0.,0.));
#2934 = PCURVE('',#986,#2935);
#2935 = DEFINITIONAL_REPRESENTATION('',(#2936),#2940);
#2936 = CIRCLE('',#2937,3.5);
#2937 = AXIS2_PLACEMENT_2D('',#2938,#2939);
#2938 = CARTESIAN_POINT('',(74.5,41.));
#2939 = DIRECTION('',(1.,0.));
#2940 = ( GEOMETRIC_REPRESENTATION_CONTEXT(2) 
PARAMETRIC_REPRESENTATION_CONTEXT() REPRESENTATION_CONTEXT('2D SPACE',''
  ) );
#2941 = PCURVE('',#2942,#2947);
#2942 = CYLINDRICAL_SURFACE('',#2943,3.5);
#2943 = AXIS2_PLACEMENT_3D('',#2944,#2945,#2946);
#2944 = CARTESIAN_POINT('',(74.5,103.4603475451,-40.64881458875));
#2945 = DIRECTION('',(-0.,-0.207911690818,-0.978147600734));
#2946 = DIRECTION('',(1.,0.,0.));
#2947 = DEFINITIONAL_REPRESENTATION('',(#2948),#2952);
#2948 = LINE('',#2949,#2950);
#2949 = CARTESIAN_POINT('',(-0.,0.));
#2950 = VECTOR('',#2951,1.);
#2951 = DIRECTION('',(-1.,0.));
#2952 = ( GEOMETRIC_REPRESENTATION_CONTEXT(2) 
PARAMETRIC_REPRESENTATION_CONTEXT() REPRESENTATION_CONTEXT('2D SPACE',''
  ) );
#2953 = ADVANCED_FACE('',(#2954),#960,.F.);
#2954 = FACE_BOUND('',#2955,.F.);
#2955 = EDGE_LOOP('',(#2956,#2957,#2978,#2979));
#2956 = ORIENTED_EDGE('',*,*,#1143,.F.);
#2957 = ORIENTED_EDGE('',*,*,#2958,.T.);
#2958 = EDGE_CURVE('',#1144,#2711,#2959,.T.);
#2959 = SURFACE_CURVE('',#2960,(#2964,#2971),.PCURVE_S1.);
#2960 = LINE('',#2961,#2962);
#2961 = CARTESIAN_POINT('',(-88.5,13.71641169101,-1.126340255576));
#2962 = VECTOR('',#2963,1.);
#2963 = DIRECTION('',(-0.,-0.207911690818,-0.978147600734));
#2964 = PCURVE('',#960,#2965);
#2965 = DEFINITIONAL_REPRESENTATION('',(#2966),#2970);
#2966 = LINE('',#2967,#2968);
#2967 = CARTESIAN_POINT('',(0.,0.));
#2968 = VECTOR('',#2969,1.);
#2969 = DIRECTION('',(-0.,-1.));
#2970 = ( GEOMETRIC_REPRESENTATION_CONTEXT(2) 
PARAMETRIC_REPRESENTATION_CONTEXT() REPRESENTATION_CONTEXT('2D SPACE',''
  ) );
#2971 = PCURVE('',#1182,#2972);
#2972 = DEFINITIONAL_REPRESENTATION('',(#2973),#2977);
#2973 = LINE('',#2974,#2975);
#2974 = CARTESIAN_POINT('',(110.,0.));
#2975 = VECTOR('',#2976,1.);
#2976 = DIRECTION('',(0.,-1.));
#2977 = ( GEOMETRIC_REPRESENTATION_CONTEXT(2) 
PARAMETRIC_REPRESENTATION_CONTEXT() REPRESENTATION_CONTEXT('2D SPACE',''
  ) );
#2978 = ORIENTED_EDGE('',*,*,#2733,.T.);
#2979 = ORIENTED_EDGE('',*,*,#945,.T.);
#2980 = ADVANCED_FACE('',(#2981),#888,.F.);
#2981 = FACE_BOUND('',#2982,.T.);
#2982 = EDGE_LOOP('',(#2983,#3006,#3007,#3008));
#2983 = ORIENTED_EDGE('',*,*,#2984,.F.);
#2984 = EDGE_CURVE('',#840,#2985,#2987,.T.);
#2985 = VERTEX_POINT('',#2986);
#2986 = CARTESIAN_POINT('',(-30.,6.,-47.32796460539));
#2987 = SURFACE_CURVE('',#2988,(#2992,#2999),.PCURVE_S1.);
#2988 = LINE('',#2989,#2990);
#2989 = CARTESIAN_POINT('',(-85.5,6.,-47.32796460539));
#2990 = VECTOR('',#2991,1.);
#2991 = DIRECTION('',(1.,0.,0.));
#2992 = PCURVE('',#888,#2993);
#2993 = DEFINITIONAL_REPRESENTATION('',(#2994),#2998);
#2994 = LINE('',#2995,#2996);
#2995 = CARTESIAN_POINT('',(-0.,0.));
#2996 = VECTOR('',#2997,1.);
#2997 = DIRECTION('',(-0.,1.));
#2998 = ( GEOMETRIC_REPRESENTATION_CONTEXT(2) 
PARAMETRIC_REPRESENTATION_CONTEXT() REPRESENTATION_CONTEXT('2D SPACE',''
  ) );
#2999 = PCURVE('',#855,#3000);
#3000 = DEFINITIONAL_REPRESENTATION('',(#3001),#3005);
#3001 = LINE('',#3002,#3003);
#3002 = CARTESIAN_POINT('',(31.789791529469,0.));
#3003 = VECTOR('',#3004,1.);
#3004 = DIRECTION('',(0.,-1.));
#3005 = ( GEOMETRIC_REPRESENTATION_CONTEXT(2) 
PARAMETRIC_REPRESENTATION_CONTEXT() REPRESENTATION_CONTEXT('2D SPACE',''
  ) );
#3006 = ORIENTED_EDGE('',*,*,#867,.T.);
#3007 = ORIENTED_EDGE('',*,*,#2046,.T.);
#3008 = ORIENTED_EDGE('',*,*,#3009,.T.);
#3009 = EDGE_CURVE('',#2047,#2985,#3010,.T.);
#3010 = SURFACE_CURVE('',#3011,(#3016,#3023),.PCURVE_S1.);
#3011 = CIRCLE('',#3012,2.);
#3012 = AXIS2_PLACEMENT_3D('',#3013,#3014,#3015);
#3013 = CARTESIAN_POINT('',(-30.,8.,-47.32796460539));
#3014 = DIRECTION('',(1.,0.,0.));
#3015 = DIRECTION('',(0.,-1.,0.));
#3016 = PCURVE('',#888,#3017);
#3017 = DEFINITIONAL_REPRESENTATION('',(#3018),#3022);
#3018 = LINE('',#3019,#3020);
#3019 = CARTESIAN_POINT('',(-6.28318530718,55.5));
#3020 = VECTOR('',#3021,1.);
#3021 = DIRECTION('',(1.,-0.));
#3022 = ( GEOMETRIC_REPRESENTATION_CONTEXT(2) 
PARAMETRIC_REPRESENTATION_CONTEXT() REPRESENTATION_CONTEXT('2D SPACE',''
  ) );
#3023 = PCURVE('',#2084,#3024);
#3024 = DEFINITIONAL_REPRESENTATION('',(#3025),#3029);
#3025 = CIRCLE('',#3026,2.);
#3026 = AXIS2_PLACEMENT_2D('',#3027,#3028);
#3027 = CARTESIAN_POINT('',(33.789791529469,-8.));
#3028 = DIRECTION('',(0.,1.));
#3029 = ( GEOMETRIC_REPRESENTATION_CONTEXT(2) 
PARAMETRIC_REPRESENTATION_CONTEXT() REPRESENTATION_CONTEXT('2D SPACE',''
  ) );
#3030 = ADVANCED_FACE('',(#3031),#855,.F.);
#3031 = FACE_BOUND('',#3032,.F.);
#3032 = EDGE_LOOP('',(#3033,#3034,#3057,#3076));
#3033 = ORIENTED_EDGE('',*,*,#839,.F.);
#3034 = ORIENTED_EDGE('',*,*,#3035,.T.);
#3035 = EDGE_CURVE('',#811,#3036,#3038,.T.);
#3036 = VERTEX_POINT('',#3037);
#3037 = CARTESIAN_POINT('',(-30.,6.,-77.11775613486));
#3038 = SURFACE_CURVE('',#3039,(#3043,#3050),.PCURVE_S1.);
#3039 = LINE('',#3040,#3041);
#3040 = CARTESIAN_POINT('',(-85.5,6.,-77.11775613486));
#3041 = VECTOR('',#3042,1.);
#3042 = DIRECTION('',(1.,0.,0.));
#3043 = PCURVE('',#855,#3044);
#3044 = DEFINITIONAL_REPRESENTATION('',(#3045),#3049);
#3045 = LINE('',#3046,#3047);
#3046 = CARTESIAN_POINT('',(2.,0.));
#3047 = VECTOR('',#3048,1.);
#3048 = DIRECTION('',(0.,-1.));
#3049 = ( GEOMETRIC_REPRESENTATION_CONTEXT(2) 
PARAMETRIC_REPRESENTATION_CONTEXT() REPRESENTATION_CONTEXT('2D SPACE',''
  ) );
#3050 = PCURVE('',#827,#3051);
#3051 = DEFINITIONAL_REPRESENTATION('',(#3052),#3056);
#3052 = LINE('',#3053,#3054);
#3053 = CARTESIAN_POINT('',(1.570796326795,0.));
#3054 = VECTOR('',#3055,1.);
#3055 = DIRECTION('',(0.,1.));
#3056 = ( GEOMETRIC_REPRESENTATION_CONTEXT(2) 
PARAMETRIC_REPRESENTATION_CONTEXT() REPRESENTATION_CONTEXT('2D SPACE',''
  ) );
#3057 = ORIENTED_EDGE('',*,*,#3058,.T.);
#3058 = EDGE_CURVE('',#3036,#2985,#3059,.T.);
#3059 = SURFACE_CURVE('',#3060,(#3064,#3070),.PCURVE_S1.);
#3060 = LINE('',#3061,#3062);
#3061 = CARTESIAN_POINT('',(-30.,6.,-80.11775613486));
#3062 = VECTOR('',#3063,1.);
#3063 = DIRECTION('',(-0.,0.,1.));
#3064 = PCURVE('',#855,#3065);
#3065 = DEFINITIONAL_REPRESENTATION('',(#3066),#3069);
#3066 = B_SPLINE_CURVE_WITH_KNOTS('',1,(#3067,#3068),.UNSPECIFIED.,.F.,
  .F.,(2,2),(3.,32.789791529469),.PIECEWISE_BEZIER_KNOTS.);
#3067 = CARTESIAN_POINT('',(2.,-55.5));
#3068 = CARTESIAN_POINT('',(31.789791529469,-55.5));
#3069 = ( GEOMETRIC_REPRESENTATION_CONTEXT(2) 
PARAMETRIC_REPRESENTATION_CONTEXT() REPRESENTATION_CONTEXT('2D SPACE',''
  ) );
#3070 = PCURVE('',#2084,#3071);
#3071 = DEFINITIONAL_REPRESENTATION('',(#3072),#3075);
#3072 = B_SPLINE_CURVE_WITH_KNOTS('',1,(#3073,#3074),.UNSPECIFIED.,.F.,
  .F.,(2,2),(3.,32.789791529469),.PIECEWISE_BEZIER_KNOTS.);
#3073 = CARTESIAN_POINT('',(4.,-6.));
#3074 = CARTESIAN_POINT('',(33.789791529469,-6.));
#3075 = ( GEOMETRIC_REPRESENTATION_CONTEXT(2) 
PARAMETRIC_REPRESENTATION_CONTEXT() REPRESENTATION_CONTEXT('2D SPACE',''
  ) );
#3076 = ORIENTED_EDGE('',*,*,#2984,.F.);
#3077 = ADVANCED_FACE('',(#3078),#827,.T.);
#3078 = FACE_BOUND('',#3079,.T.);
#3079 = EDGE_LOOP('',(#3080,#3103,#3104,#3105));
#3080 = ORIENTED_EDGE('',*,*,#3081,.F.);
#3081 = EDGE_CURVE('',#783,#3082,#3084,.T.);
#3082 = VERTEX_POINT('',#3083);
#3083 = CARTESIAN_POINT('',(-30.,4.,-79.11775613486));
#3084 = SURFACE_CURVE('',#3085,(#3089,#3096),.PCURVE_S1.);
#3085 = LINE('',#3086,#3087);
#3086 = CARTESIAN_POINT('',(-85.5,4.,-79.11775613486));
#3087 = VECTOR('',#3088,1.);
#3088 = DIRECTION('',(1.,0.,0.));
#3089 = PCURVE('',#827,#3090);
#3090 = DEFINITIONAL_REPRESENTATION('',(#3091),#3095);
#3091 = LINE('',#3092,#3093);
#3092 = CARTESIAN_POINT('',(0.,0.));
#3093 = VECTOR('',#3094,1.);
#3094 = DIRECTION('',(0.,1.));
#3095 = ( GEOMETRIC_REPRESENTATION_CONTEXT(2) 
PARAMETRIC_REPRESENTATION_CONTEXT() REPRESENTATION_CONTEXT('2D SPACE',''
  ) );
#3096 = PCURVE('',#798,#3097);
#3097 = DEFINITIONAL_REPRESENTATION('',(#3098),#3102);
#3098 = LINE('',#3099,#3100);
#3099 = CARTESIAN_POINT('',(4.,0.));
#3100 = VECTOR('',#3101,1.);
#3101 = DIRECTION('',(0.,-1.));
#3102 = ( GEOMETRIC_REPRESENTATION_CONTEXT(2) 
PARAMETRIC_REPRESENTATION_CONTEXT() REPRESENTATION_CONTEXT('2D SPACE',''
  ) );
#3103 = ORIENTED_EDGE('',*,*,#810,.T.);
#3104 = ORIENTED_EDGE('',*,*,#3035,.T.);
#3105 = ORIENTED_EDGE('',*,*,#3106,.F.);
#3106 = EDGE_CURVE('',#3082,#3036,#3107,.T.);
#3107 = SURFACE_CURVE('',#3108,(#3113,#3120),.PCURVE_S1.);
#3108 = CIRCLE('',#3109,2.);
#3109 = AXIS2_PLACEMENT_3D('',#3110,#3111,#3112);
#3110 = CARTESIAN_POINT('',(-30.,4.,-77.11775613486));
#3111 = DIRECTION('',(1.,0.,0.));
#3112 = DIRECTION('',(0.,0.,-1.));
#3113 = PCURVE('',#827,#3114);
#3114 = DEFINITIONAL_REPRESENTATION('',(#3115),#3119);
#3115 = LINE('',#3116,#3117);
#3116 = CARTESIAN_POINT('',(0.,55.5));
#3117 = VECTOR('',#3118,1.);
#3118 = DIRECTION('',(1.,0.));
#3119 = ( GEOMETRIC_REPRESENTATION_CONTEXT(2) 
PARAMETRIC_REPRESENTATION_CONTEXT() REPRESENTATION_CONTEXT('2D SPACE',''
  ) );
#3120 = PCURVE('',#2084,#3121);
#3121 = DEFINITIONAL_REPRESENTATION('',(#3122),#3126);
#3122 = CIRCLE('',#3123,2.);
#3123 = AXIS2_PLACEMENT_2D('',#3124,#3125);
#3124 = CARTESIAN_POINT('',(4.,-4.));
#3125 = DIRECTION('',(-1.,0.));
#3126 = ( GEOMETRIC_REPRESENTATION_CONTEXT(2) 
PARAMETRIC_REPRESENTATION_CONTEXT() REPRESENTATION_CONTEXT('2D SPACE',''
  ) );
#3127 = ADVANCED_FACE('',(#3128),#798,.F.);
#3128 = FACE_BOUND('',#3129,.F.);
#3129 = EDGE_LOOP('',(#3130,#3131,#3132,#3151));
#3130 = ORIENTED_EDGE('',*,*,#782,.F.);
#3131 = ORIENTED_EDGE('',*,*,#2369,.T.);
#3132 = ORIENTED_EDGE('',*,*,#3133,.T.);
#3133 = EDGE_CURVE('',#2370,#3082,#3134,.T.);
#3134 = SURFACE_CURVE('',#3135,(#3139,#3145),.PCURVE_S1.);
#3135 = LINE('',#3136,#3137);
#3136 = CARTESIAN_POINT('',(-30.,0.,-79.11775613486));
#3137 = VECTOR('',#3138,1.);
#3138 = DIRECTION('',(0.,1.,0.));
#3139 = PCURVE('',#798,#3140);
#3140 = DEFINITIONAL_REPRESENTATION('',(#3141),#3144);
#3141 = B_SPLINE_CURVE_WITH_KNOTS('',1,(#3142,#3143),.UNSPECIFIED.,.F.,
  .F.,(2,2),(2.,4.),.PIECEWISE_BEZIER_KNOTS.);
#3142 = CARTESIAN_POINT('',(2.,-55.5));
#3143 = CARTESIAN_POINT('',(4.,-55.5));
#3144 = ( GEOMETRIC_REPRESENTATION_CONTEXT(2) 
PARAMETRIC_REPRESENTATION_CONTEXT() REPRESENTATION_CONTEXT('2D SPACE',''
  ) );
#3145 = PCURVE('',#2084,#3146);
#3146 = DEFINITIONAL_REPRESENTATION('',(#3147),#3150);
#3147 = B_SPLINE_CURVE_WITH_KNOTS('',1,(#3148,#3149),.UNSPECIFIED.,.F.,
  .F.,(2,2),(2.,4.),.PIECEWISE_BEZIER_KNOTS.);
#3148 = CARTESIAN_POINT('',(2.,-2.));
#3149 = CARTESIAN_POINT('',(2.,-4.));
#3150 = ( GEOMETRIC_REPRESENTATION_CONTEXT(2) 
PARAMETRIC_REPRESENTATION_CONTEXT() REPRESENTATION_CONTEXT('2D SPACE',''
  ) );
#3151 = ORIENTED_EDGE('',*,*,#3081,.F.);
#3152 = ADVANCED_FACE('',(#3153),#1409,.T.);
#3153 = FACE_BOUND('',#3154,.F.);
#3154 = EDGE_LOOP('',(#3155,#3156,#3157,#3178));
#3155 = ORIENTED_EDGE('',*,*,#1452,.F.);
#3156 = ORIENTED_EDGE('',*,*,#1478,.T.);
#3157 = ORIENTED_EDGE('',*,*,#3158,.T.);
#3158 = EDGE_CURVE('',#1479,#1361,#3159,.T.);
#3159 = SURFACE_CURVE('',#3160,(#3164,#3171),.PCURVE_S1.);
#3160 = LINE('',#3161,#3162);
#3161 = CARTESIAN_POINT('',(84.,123.89127278646,-24.85143209095));
#3162 = VECTOR('',#3163,1.);
#3163 = DIRECTION('',(0.,-0.544639035015,0.838670567945));
#3164 = PCURVE('',#1409,#3165);
#3165 = DEFINITIONAL_REPRESENTATION('',(#3166),#3170);
#3166 = LINE('',#3167,#3168);
#3167 = CARTESIAN_POINT('',(-168.,0.));
#3168 = VECTOR('',#3169,1.);
#3169 = DIRECTION('',(-0.,1.));
#3170 = ( GEOMETRIC_REPRESENTATION_CONTEXT(2) 
PARAMETRIC_REPRESENTATION_CONTEXT() REPRESENTATION_CONTEXT('2D SPACE',''
  ) );
#3171 = PCURVE('',#1381,#3172);
#3172 = DEFINITIONAL_REPRESENTATION('',(#3173),#3177);
#3173 = LINE('',#3174,#3175);
#3174 = CARTESIAN_POINT('',(0.,-0.3));
#3175 = VECTOR('',#3176,1.);
#3176 = DIRECTION('',(0.,-1.));
#3177 = ( GEOMETRIC_REPRESENTATION_CONTEXT(2) 
PARAMETRIC_REPRESENTATION_CONTEXT() REPRESENTATION_CONTEXT('2D SPACE',''
  ) );
#3178 = ORIENTED_EDGE('',*,*,#1393,.F.);
#3179 = ADVANCED_FACE('',(#3180),#1381,.T.);
#3180 = FACE_BOUND('',#3181,.F.);
#3181 = EDGE_LOOP('',(#3182,#3183,#3184,#3205));
#3182 = ORIENTED_EDGE('',*,*,#3158,.F.);
#3183 = ORIENTED_EDGE('',*,*,#1551,.T.);
#3184 = ORIENTED_EDGE('',*,*,#3185,.T.);
#3185 = EDGE_CURVE('',#1527,#1333,#3186,.T.);
#3186 = SURFACE_CURVE('',#3187,(#3191,#3198),.PCURVE_S1.);
#3187 = LINE('',#3188,#3189);
#3188 = CARTESIAN_POINT('',(91.5,116.78623655393,-23.64791219729));
#3189 = VECTOR('',#3190,1.);
#3190 = DIRECTION('',(-0.707106781187,0.147015766465,0.69165480148));
#3191 = PCURVE('',#1381,#3192);
#3192 = DEFINITIONAL_REPRESENTATION('',(#3193),#3197);
#3193 = LINE('',#3194,#3195);
#3194 = CARTESIAN_POINT('',(1.570796326795,-0.));
#3195 = VECTOR('',#3196,1.);
#3196 = DIRECTION('',(0.,-1.));
#3197 = ( GEOMETRIC_REPRESENTATION_CONTEXT(2) 
PARAMETRIC_REPRESENTATION_CONTEXT() REPRESENTATION_CONTEXT('2D SPACE',''
  ) );
#3198 = PCURVE('',#1348,#3199);
#3199 = DEFINITIONAL_REPRESENTATION('',(#3200),#3204);
#3200 = LINE('',#3201,#3202);
#3201 = CARTESIAN_POINT('',(-1.233735336115E-14,-0.424264068712));
#3202 = VECTOR('',#3203,1.);
#3203 = DIRECTION('',(-8.326672684689E-17,1.));
#3204 = ( GEOMETRIC_REPRESENTATION_CONTEXT(2) 
PARAMETRIC_REPRESENTATION_CONTEXT() REPRESENTATION_CONTEXT('2D SPACE',''
  ) );
#3205 = ORIENTED_EDGE('',*,*,#1360,.F.);
#3206 = ADVANCED_FACE('',(#3207),#1348,.T.);
#3207 = FACE_BOUND('',#3208,.F.);
#3208 = EDGE_LOOP('',(#3209,#3210,#3211,#3232));
#3209 = ORIENTED_EDGE('',*,*,#3185,.F.);
#3210 = ORIENTED_EDGE('',*,*,#1601,.T.);
#3211 = ORIENTED_EDGE('',*,*,#3212,.T.);
#3212 = EDGE_CURVE('',#1577,#1300,#3213,.T.);
#3213 = SURFACE_CURVE('',#3214,(#3218,#3225),.PCURVE_S1.);
#3214 = LINE('',#3215,#3216);
#3215 = CARTESIAN_POINT('',(91.2,18.055702387067,-2.355387144476));
#3216 = VECTOR('',#3217,1.);
#3217 = DIRECTION('',(-0.707106781187,0.147015766465,0.69165480148));
#3218 = PCURVE('',#1348,#3219);
#3219 = DEFINITIONAL_REPRESENTATION('',(#3220),#3224);
#3220 = LINE('',#3221,#3222);
#3221 = CARTESIAN_POINT('',(-101.,-3.552713678801E-15));
#3222 = VECTOR('',#3223,1.);
#3223 = DIRECTION('',(-0.,1.));
#3224 = ( GEOMETRIC_REPRESENTATION_CONTEXT(2) 
PARAMETRIC_REPRESENTATION_CONTEXT() REPRESENTATION_CONTEXT('2D SPACE',''
  ) );
#3225 = PCURVE('',#1320,#3226);
#3226 = DEFINITIONAL_REPRESENTATION('',(#3227),#3231);
#3227 = LINE('',#3228,#3229);
#3228 = CARTESIAN_POINT('',(0.,-0.3));
#3229 = VECTOR('',#3230,1.);
#3230 = DIRECTION('',(0.,-1.));
#3231 = ( GEOMETRIC_REPRESENTATION_CONTEXT(2) 
PARAMETRIC_REPRESENTATION_CONTEXT() REPRESENTATION_CONTEXT('2D SPACE',''
  ) );
#3232 = ORIENTED_EDGE('',*,*,#1332,.F.);
#3233 = ADVANCED_FACE('',(#3234),#1320,.T.);
#3234 = FACE_BOUND('',#3235,.F.);
#3235 = EDGE_LOOP('',(#3236,#3237,#3238,#3239));
#3236 = ORIENTED_EDGE('',*,*,#3212,.F.);
#3237 = ORIENTED_EDGE('',*,*,#1625,.T.);
#3238 = ORIENTED_EDGE('',*,*,#1849,.T.);
#3239 = ORIENTED_EDGE('',*,*,#1299,.F.);
#3240 = ADVANCED_FACE('',(#3241),#1266,.F.);
#3241 = FACE_BOUND('',#3242,.F.);
#3242 = EDGE_LOOP('',(#3243,#3244,#3245,#3246));
#3243 = ORIENTED_EDGE('',*,*,#1250,.F.);
#3244 = ORIENTED_EDGE('',*,*,#1875,.F.);
#3245 = ORIENTED_EDGE('',*,*,#2757,.T.);
#3246 = ORIENTED_EDGE('',*,*,#3247,.F.);
#3247 = EDGE_CURVE('',#1223,#2758,#3248,.T.);
#3248 = SURFACE_CURVE('',#3249,(#3253,#3260),.PCURVE_S1.);
#3249 = LINE('',#3250,#3251);
#3250 = CARTESIAN_POINT('',(88.5,13.71641169101,-1.126340255576));
#3251 = VECTOR('',#3252,1.);
#3252 = DIRECTION('',(-0.,-0.207911690818,-0.978147600734));
#3253 = PCURVE('',#1266,#3254);
#3254 = DEFINITIONAL_REPRESENTATION('',(#3255),#3259);
#3255 = LINE('',#3256,#3257);
#3256 = CARTESIAN_POINT('',(177.,0.));
#3257 = VECTOR('',#3258,1.);
#3258 = DIRECTION('',(-0.,-1.));
#3259 = ( GEOMETRIC_REPRESENTATION_CONTEXT(2) 
PARAMETRIC_REPRESENTATION_CONTEXT() REPRESENTATION_CONTEXT('2D SPACE',''
  ) );
#3260 = PCURVE('',#1238,#3261);
#3261 = DEFINITIONAL_REPRESENTATION('',(#3262),#3266);
#3262 = LINE('',#3263,#3264);
#3263 = CARTESIAN_POINT('',(0.,0.));
#3264 = VECTOR('',#3265,1.);
#3265 = DIRECTION('',(0.,-1.));
#3266 = ( GEOMETRIC_REPRESENTATION_CONTEXT(2) 
PARAMETRIC_REPRESENTATION_CONTEXT() REPRESENTATION_CONTEXT('2D SPACE',''
  ) );
#3267 = ADVANCED_FACE('',(#3268),#1238,.F.);
#3268 = FACE_BOUND('',#3269,.F.);
#3269 = EDGE_LOOP('',(#3270,#3271,#3272,#3293));
#3270 = ORIENTED_EDGE('',*,*,#3247,.T.);
#3271 = ORIENTED_EDGE('',*,*,#2780,.T.);
#3272 = ORIENTED_EDGE('',*,*,#3273,.F.);
#3273 = EDGE_CURVE('',#1195,#2781,#3274,.T.);
#3274 = SURFACE_CURVE('',#3275,(#3279,#3286),.PCURVE_S1.);
#3275 = LINE('',#3276,#3277);
#3276 = CARTESIAN_POINT('',(88.5,121.31264777172,-23.99662624552));
#3277 = VECTOR('',#3278,1.);
#3278 = DIRECTION('',(-0.,-0.207911690818,-0.978147600734));
#3279 = PCURVE('',#1238,#3280);
#3280 = DEFINITIONAL_REPRESENTATION('',(#3281),#3285);
#3281 = LINE('',#3282,#3283);
#3282 = CARTESIAN_POINT('',(110.,0.));
#3283 = VECTOR('',#3284,1.);
#3284 = DIRECTION('',(0.,-1.));
#3285 = ( GEOMETRIC_REPRESENTATION_CONTEXT(2) 
PARAMETRIC_REPRESENTATION_CONTEXT() REPRESENTATION_CONTEXT('2D SPACE',''
  ) );
#3286 = PCURVE('',#1210,#3287);
#3287 = DEFINITIONAL_REPRESENTATION('',(#3288),#3292);
#3288 = LINE('',#3289,#3290);
#3289 = CARTESIAN_POINT('',(0.,0.));
#3290 = VECTOR('',#3291,1.);
#3291 = DIRECTION('',(0.,-1.));
#3292 = ( GEOMETRIC_REPRESENTATION_CONTEXT(2) 
PARAMETRIC_REPRESENTATION_CONTEXT() REPRESENTATION_CONTEXT('2D SPACE',''
  ) );
#3293 = ORIENTED_EDGE('',*,*,#1222,.F.);
#3294 = ADVANCED_FACE('',(#3295),#1210,.F.);
#3295 = FACE_BOUND('',#3296,.F.);
#3296 = EDGE_LOOP('',(#3297,#3298,#3299,#3320));
#3297 = ORIENTED_EDGE('',*,*,#3273,.T.);
#3298 = ORIENTED_EDGE('',*,*,#2803,.T.);
#3299 = ORIENTED_EDGE('',*,*,#3300,.F.);
#3300 = EDGE_CURVE('',#1167,#2709,#3301,.T.);
#3301 = SURFACE_CURVE('',#3302,(#3306,#3313),.PCURVE_S1.);
#3302 = LINE('',#3303,#3304);
#3303 = CARTESIAN_POINT('',(-88.5,121.31264777172,-23.99662624552));
#3304 = VECTOR('',#3305,1.);
#3305 = DIRECTION('',(-0.,-0.207911690818,-0.978147600734));
#3306 = PCURVE('',#1210,#3307);
#3307 = DEFINITIONAL_REPRESENTATION('',(#3308),#3312);
#3308 = LINE('',#3309,#3310);
#3309 = CARTESIAN_POINT('',(177.,0.));
#3310 = VECTOR('',#3311,1.);
#3311 = DIRECTION('',(0.,-1.));
#3312 = ( GEOMETRIC_REPRESENTATION_CONTEXT(2) 
PARAMETRIC_REPRESENTATION_CONTEXT() REPRESENTATION_CONTEXT('2D SPACE',''
  ) );
#3313 = PCURVE('',#1182,#3314);
#3314 = DEFINITIONAL_REPRESENTATION('',(#3315),#3319);
#3315 = LINE('',#3316,#3317);
#3316 = CARTESIAN_POINT('',(0.,0.));
#3317 = VECTOR('',#3318,1.);
#3318 = DIRECTION('',(0.,-1.));
#3319 = ( GEOMETRIC_REPRESENTATION_CONTEXT(2) 
PARAMETRIC_REPRESENTATION_CONTEXT() REPRESENTATION_CONTEXT('2D SPACE',''
  ) );
#3320 = ORIENTED_EDGE('',*,*,#1194,.F.);
#3321 = ADVANCED_FACE('',(#3322),#1182,.F.);
#3322 = FACE_BOUND('',#3323,.F.);
#3323 = EDGE_LOOP('',(#3324,#3325,#3326,#3327));
#3324 = ORIENTED_EDGE('',*,*,#3300,.T.);
#3325 = ORIENTED_EDGE('',*,*,#2708,.T.);
#3326 = ORIENTED_EDGE('',*,*,#2958,.F.);
#3327 = ORIENTED_EDGE('',*,*,#1166,.F.);
#3328 = ADVANCED_FACE('',(#3329),#1696,.T.);
#3329 = FACE_BOUND('',#3330,.F.);
#3330 = EDGE_LOOP('',(#3331,#3354,#3378,#3399));
#3331 = ORIENTED_EDGE('',*,*,#3332,.F.);
#3332 = EDGE_CURVE('',#3333,#1674,#3335,.T.);
#3333 = VERTEX_POINT('',#3334);
#3334 = CARTESIAN_POINT('',(30.,2.,-79.11775613486));
#3335 = SURFACE_CURVE('',#3336,(#3340,#3347),.PCURVE_S1.);
#3336 = LINE('',#3337,#3338);
#3337 = CARTESIAN_POINT('',(-85.5,2.,-79.11775613486));
#3338 = VECTOR('',#3339,1.);
#3339 = DIRECTION('',(1.,0.,0.));
#3340 = PCURVE('',#1696,#3341);
#3341 = DEFINITIONAL_REPRESENTATION('',(#3342),#3346);
#3342 = LINE('',#3343,#3344);
#3343 = CARTESIAN_POINT('',(-0.,0.));
#3344 = VECTOR('',#3345,1.);
#3345 = DIRECTION('',(-0.,1.));
#3346 = ( GEOMETRIC_REPRESENTATION_CONTEXT(2) 
PARAMETRIC_REPRESENTATION_CONTEXT() REPRESENTATION_CONTEXT('2D SPACE',''
  ) );
#3347 = PCURVE('',#1724,#3348);
#3348 = DEFINITIONAL_REPRESENTATION('',(#3349),#3353);
#3349 = LINE('',#3350,#3351);
#3350 = CARTESIAN_POINT('',(2.,0.));
#3351 = VECTOR('',#3352,1.);
#3352 = DIRECTION('',(0.,-1.));
#3353 = ( GEOMETRIC_REPRESENTATION_CONTEXT(2) 
PARAMETRIC_REPRESENTATION_CONTEXT() REPRESENTATION_CONTEXT('2D SPACE',''
  ) );
#3354 = ORIENTED_EDGE('',*,*,#3355,.F.);
#3355 = EDGE_CURVE('',#3356,#3333,#3358,.T.);
#3356 = VERTEX_POINT('',#3357);
#3357 = CARTESIAN_POINT('',(30.,-2.22044604925E-16,-77.11775613486));
#3358 = SURFACE_CURVE('',#3359,(#3364,#3371),.PCURVE_S1.);
#3359 = CIRCLE('',#3360,2.);
#3360 = AXIS2_PLACEMENT_3D('',#3361,#3362,#3363);
#3361 = CARTESIAN_POINT('',(30.,2.,-77.11775613486));
#3362 = DIRECTION('',(1.,0.,0.));
#3363 = DIRECTION('',(0.,0.,-1.));
#3364 = PCURVE('',#1696,#3365);
#3365 = DEFINITIONAL_REPRESENTATION('',(#3366),#3370);
#3366 = LINE('',#3367,#3368);
#3367 = CARTESIAN_POINT('',(-6.28318530718,115.5));
#3368 = VECTOR('',#3369,1.);
#3369 = DIRECTION('',(1.,-0.));
#3370 = ( GEOMETRIC_REPRESENTATION_CONTEXT(2) 
PARAMETRIC_REPRESENTATION_CONTEXT() REPRESENTATION_CONTEXT('2D SPACE',''
  ) );
#3371 = PCURVE('',#2136,#3372);
#3372 = DEFINITIONAL_REPRESENTATION('',(#3373),#3377);
#3373 = CIRCLE('',#3374,2.);
#3374 = AXIS2_PLACEMENT_2D('',#3375,#3376);
#3375 = CARTESIAN_POINT('',(4.,-2.));
#3376 = DIRECTION('',(-1.,0.));
#3377 = ( GEOMETRIC_REPRESENTATION_CONTEXT(2) 
PARAMETRIC_REPRESENTATION_CONTEXT() REPRESENTATION_CONTEXT('2D SPACE',''
  ) );
#3378 = ORIENTED_EDGE('',*,*,#3379,.T.);
#3379 = EDGE_CURVE('',#3356,#1676,#3380,.T.);
#3380 = SURFACE_CURVE('',#3381,(#3385,#3392),.PCURVE_S1.);
#3381 = LINE('',#3382,#3383);
#3382 = CARTESIAN_POINT('',(-85.5,-4.440892098501E-16,-77.11775613486));
#3383 = VECTOR('',#3384,1.);
#3384 = DIRECTION('',(1.,0.,0.));
#3385 = PCURVE('',#1696,#3386);
#3386 = DEFINITIONAL_REPRESENTATION('',(#3387),#3391);
#3387 = LINE('',#3388,#3389);
#3388 = CARTESIAN_POINT('',(-1.570796326795,0.));
#3389 = VECTOR('',#3390,1.);
#3390 = DIRECTION('',(-0.,1.));
#3391 = ( GEOMETRIC_REPRESENTATION_CONTEXT(2) 
PARAMETRIC_REPRESENTATION_CONTEXT() REPRESENTATION_CONTEXT('2D SPACE',''
  ) );
#3392 = PCURVE('',#2030,#3393);
#3393 = DEFINITIONAL_REPRESENTATION('',(#3394),#3398);
#3394 = LINE('',#3395,#3396);
#3395 = CARTESIAN_POINT('',(76.490403937247,0.));
#3396 = VECTOR('',#3397,1.);
#3397 = DIRECTION('',(0.,-1.));
#3398 = ( GEOMETRIC_REPRESENTATION_CONTEXT(2) 
PARAMETRIC_REPRESENTATION_CONTEXT() REPRESENTATION_CONTEXT('2D SPACE',''
  ) );
#3399 = ORIENTED_EDGE('',*,*,#1673,.F.);
#3400 = ADVANCED_FACE('',(#3401),#2030,.F.);
#3401 = FACE_BOUND('',#3402,.F.);
#3402 = EDGE_LOOP('',(#3403,#3426,#3447,#3448));
#3403 = ORIENTED_EDGE('',*,*,#3404,.T.);
#3404 = EDGE_CURVE('',#3356,#3405,#3407,.T.);
#3405 = VERTEX_POINT('',#3406);
#3406 = CARTESIAN_POINT('',(30.,-2.22044604925E-16,-2.627352197613));
#3407 = SURFACE_CURVE('',#3408,(#3412,#3419),.PCURVE_S1.);
#3408 = LINE('',#3409,#3410);
#3409 = CARTESIAN_POINT('',(30.,0.,-81.11775613486));
#3410 = VECTOR('',#3411,1.);
#3411 = DIRECTION('',(0.,0.,1.));
#3412 = PCURVE('',#2030,#3413);
#3413 = DEFINITIONAL_REPRESENTATION('',(#3414),#3418);
#3414 = LINE('',#3415,#3416);
#3415 = CARTESIAN_POINT('',(80.490403937247,-115.5));
#3416 = VECTOR('',#3417,1.);
#3417 = DIRECTION('',(-1.,0.));
#3418 = ( GEOMETRIC_REPRESENTATION_CONTEXT(2) 
PARAMETRIC_REPRESENTATION_CONTEXT() REPRESENTATION_CONTEXT('2D SPACE',''
  ) );
#3419 = PCURVE('',#2136,#3420);
#3420 = DEFINITIONAL_REPRESENTATION('',(#3421),#3425);
#3421 = LINE('',#3422,#3423);
#3422 = CARTESIAN_POINT('',(0.,0.));
#3423 = VECTOR('',#3424,1.);
#3424 = DIRECTION('',(1.,0.));
#3425 = ( GEOMETRIC_REPRESENTATION_CONTEXT(2) 
PARAMETRIC_REPRESENTATION_CONTEXT() REPRESENTATION_CONTEXT('2D SPACE',''
  ) );
#3426 = ORIENTED_EDGE('',*,*,#3427,.T.);
#3427 = EDGE_CURVE('',#3405,#1988,#3428,.T.);
#3428 = SURFACE_CURVE('',#3429,(#3433,#3440),.PCURVE_S1.);
#3429 = LINE('',#3430,#3431);
#3430 = CARTESIAN_POINT('',(-85.5,-4.440892098501E-16,-2.627352197613));
#3431 = VECTOR('',#3432,1.);
#3432 = DIRECTION('',(1.,0.,0.));
#3433 = PCURVE('',#2030,#3434);
#3434 = DEFINITIONAL_REPRESENTATION('',(#3435),#3439);
#3435 = LINE('',#3436,#3437);
#3436 = CARTESIAN_POINT('',(2.,0.));
#3437 = VECTOR('',#3438,1.);
#3438 = DIRECTION('',(0.,-1.));
#3439 = ( GEOMETRIC_REPRESENTATION_CONTEXT(2) 
PARAMETRIC_REPRESENTATION_CONTEXT() REPRESENTATION_CONTEXT('2D SPACE',''
  ) );
#3440 = PCURVE('',#2004,#3441);
#3441 = DEFINITIONAL_REPRESENTATION('',(#3442),#3446);
#3442 = LINE('',#3443,#3444);
#3443 = CARTESIAN_POINT('',(1.570796326795,0.));
#3444 = VECTOR('',#3445,1.);
#3445 = DIRECTION('',(0.,1.));
#3446 = ( GEOMETRIC_REPRESENTATION_CONTEXT(2) 
PARAMETRIC_REPRESENTATION_CONTEXT() REPRESENTATION_CONTEXT('2D SPACE',''
  ) );
#3447 = ORIENTED_EDGE('',*,*,#2016,.T.);
#3448 = ORIENTED_EDGE('',*,*,#3379,.F.);
#3449 = ADVANCED_FACE('',(#3450),#2004,.T.);
#3450 = FACE_BOUND('',#3451,.T.);
#3451 = EDGE_LOOP('',(#3452,#3453,#3475,#3476));
#3452 = ORIENTED_EDGE('',*,*,#2563,.F.);
#3453 = ORIENTED_EDGE('',*,*,#3454,.T.);
#3454 = EDGE_CURVE('',#2564,#3405,#3455,.T.);
#3455 = SURFACE_CURVE('',#3456,(#3461,#3468),.PCURVE_S1.);
#3456 = CIRCLE('',#3457,2.);
#3457 = AXIS2_PLACEMENT_3D('',#3458,#3459,#3460);
#3458 = CARTESIAN_POINT('',(30.,2.,-2.627352197613));
#3459 = DIRECTION('',(1.,0.,0.));
#3460 = DIRECTION('',(0.,-0.,1.));
#3461 = PCURVE('',#2004,#3462);
#3462 = DEFINITIONAL_REPRESENTATION('',(#3463),#3467);
#3463 = LINE('',#3464,#3465);
#3464 = CARTESIAN_POINT('',(0.,115.5));
#3465 = VECTOR('',#3466,1.);
#3466 = DIRECTION('',(1.,0.));
#3467 = ( GEOMETRIC_REPRESENTATION_CONTEXT(2) 
PARAMETRIC_REPRESENTATION_CONTEXT() REPRESENTATION_CONTEXT('2D SPACE',''
  ) );
#3468 = PCURVE('',#2136,#3469);
#3469 = DEFINITIONAL_REPRESENTATION('',(#3470),#3474);
#3470 = CIRCLE('',#3471,2.);
#3471 = AXIS2_PLACEMENT_2D('',#3472,#3473);
#3472 = CARTESIAN_POINT('',(78.490403937247,-2.));
#3473 = DIRECTION('',(1.,0.));
#3474 = ( GEOMETRIC_REPRESENTATION_CONTEXT(2) 
PARAMETRIC_REPRESENTATION_CONTEXT() REPRESENTATION_CONTEXT('2D SPACE',''
  ) );
#3475 = ORIENTED_EDGE('',*,*,#3427,.T.);
#3476 = ORIENTED_EDGE('',*,*,#1987,.F.);
#3477 = ADVANCED_FACE('',(#3478),#1814,.F.);
#3478 = FACE_BOUND('',#3479,.T.);
#3479 = EDGE_LOOP('',(#3480,#3503,#3525,#3526));
#3480 = ORIENTED_EDGE('',*,*,#3481,.F.);
#3481 = EDGE_CURVE('',#3482,#1766,#3484,.T.);
#3482 = VERTEX_POINT('',#3483);
#3483 = CARTESIAN_POINT('',(30.,6.,-47.32796460539));
#3484 = SURFACE_CURVE('',#3485,(#3489,#3496),.PCURVE_S1.);
#3485 = LINE('',#3486,#3487);
#3486 = CARTESIAN_POINT('',(-85.5,6.,-47.32796460539));
#3487 = VECTOR('',#3488,1.);
#3488 = DIRECTION('',(1.,0.,0.));
#3489 = PCURVE('',#1814,#3490);
#3490 = DEFINITIONAL_REPRESENTATION('',(#3491),#3495);
#3491 = LINE('',#3492,#3493);
#3492 = CARTESIAN_POINT('',(-0.,0.));
#3493 = VECTOR('',#3494,1.);
#3494 = DIRECTION('',(-0.,1.));
#3495 = ( GEOMETRIC_REPRESENTATION_CONTEXT(2) 
PARAMETRIC_REPRESENTATION_CONTEXT() REPRESENTATION_CONTEXT('2D SPACE',''
  ) );
#3496 = PCURVE('',#1781,#3497);
#3497 = DEFINITIONAL_REPRESENTATION('',(#3498),#3502);
#3498 = LINE('',#3499,#3500);
#3499 = CARTESIAN_POINT('',(31.789791529469,0.));
#3500 = VECTOR('',#3501,1.);
#3501 = DIRECTION('',(0.,-1.));
#3502 = ( GEOMETRIC_REPRESENTATION_CONTEXT(2) 
PARAMETRIC_REPRESENTATION_CONTEXT() REPRESENTATION_CONTEXT('2D SPACE',''
  ) );
#3503 = ORIENTED_EDGE('',*,*,#3504,.F.);
#3504 = EDGE_CURVE('',#2122,#3482,#3505,.T.);
#3505 = SURFACE_CURVE('',#3506,(#3511,#3518),.PCURVE_S1.);
#3506 = CIRCLE('',#3507,2.);
#3507 = AXIS2_PLACEMENT_3D('',#3508,#3509,#3510);
#3508 = CARTESIAN_POINT('',(30.,8.,-47.32796460539));
#3509 = DIRECTION('',(1.,0.,0.));
#3510 = DIRECTION('',(0.,-1.,0.));
#3511 = PCURVE('',#1814,#3512);
#3512 = DEFINITIONAL_REPRESENTATION('',(#3513),#3517);
#3513 = LINE('',#3514,#3515);
#3514 = CARTESIAN_POINT('',(-6.28318530718,115.5));
#3515 = VECTOR('',#3516,1.);
#3516 = DIRECTION('',(1.,-0.));
#3517 = ( GEOMETRIC_REPRESENTATION_CONTEXT(2) 
PARAMETRIC_REPRESENTATION_CONTEXT() REPRESENTATION_CONTEXT('2D SPACE',''
  ) );
#3518 = PCURVE('',#2136,#3519);
#3519 = DEFINITIONAL_REPRESENTATION('',(#3520),#3524);
#3520 = CIRCLE('',#3521,2.);
#3521 = AXIS2_PLACEMENT_2D('',#3522,#3523);
#3522 = CARTESIAN_POINT('',(33.789791529469,-8.));
#3523 = DIRECTION('',(0.,1.));
#3524 = ( GEOMETRIC_REPRESENTATION_CONTEXT(2) 
PARAMETRIC_REPRESENTATION_CONTEXT() REPRESENTATION_CONTEXT('2D SPACE',''
  ) );
#3525 = ORIENTED_EDGE('',*,*,#2147,.T.);
#3526 = ORIENTED_EDGE('',*,*,#1793,.F.);
#3527 = ADVANCED_FACE('',(#3528),#1781,.F.);
#3528 = FACE_BOUND('',#3529,.F.);
#3529 = EDGE_LOOP('',(#3530,#3551,#3572,#3573));
#3530 = ORIENTED_EDGE('',*,*,#3531,.F.);
#3531 = EDGE_CURVE('',#3532,#3482,#3534,.T.);
#3532 = VERTEX_POINT('',#3533);
#3533 = CARTESIAN_POINT('',(30.,6.,-77.11775613486));
#3534 = SURFACE_CURVE('',#3535,(#3539,#3545),.PCURVE_S1.);
#3535 = LINE('',#3536,#3537);
#3536 = CARTESIAN_POINT('',(30.,6.,-80.11775613486));
#3537 = VECTOR('',#3538,1.);
#3538 = DIRECTION('',(-0.,0.,1.));
#3539 = PCURVE('',#1781,#3540);
#3540 = DEFINITIONAL_REPRESENTATION('',(#3541),#3544);
#3541 = B_SPLINE_CURVE_WITH_KNOTS('',1,(#3542,#3543),.UNSPECIFIED.,.F.,
  .F.,(2,2),(3.,32.789791529469),.PIECEWISE_BEZIER_KNOTS.);
#3542 = CARTESIAN_POINT('',(2.,-115.5));
#3543 = CARTESIAN_POINT('',(31.789791529469,-115.5));
#3544 = ( GEOMETRIC_REPRESENTATION_CONTEXT(2) 
PARAMETRIC_REPRESENTATION_CONTEXT() REPRESENTATION_CONTEXT('2D SPACE',''
  ) );
#3545 = PCURVE('',#2136,#3546);
#3546 = DEFINITIONAL_REPRESENTATION('',(#3547),#3550);
#3547 = B_SPLINE_CURVE_WITH_KNOTS('',1,(#3548,#3549),.UNSPECIFIED.,.F.,
  .F.,(2,2),(3.,32.789791529469),.PIECEWISE_BEZIER_KNOTS.);
#3548 = CARTESIAN_POINT('',(4.,-6.));
#3549 = CARTESIAN_POINT('',(33.789791529469,-6.));
#3550 = ( GEOMETRIC_REPRESENTATION_CONTEXT(2) 
PARAMETRIC_REPRESENTATION_CONTEXT() REPRESENTATION_CONTEXT('2D SPACE',''
  ) );
#3551 = ORIENTED_EDGE('',*,*,#3552,.T.);
#3552 = EDGE_CURVE('',#3532,#1737,#3553,.T.);
#3553 = SURFACE_CURVE('',#3554,(#3558,#3565),.PCURVE_S1.);
#3554 = LINE('',#3555,#3556);
#3555 = CARTESIAN_POINT('',(-85.5,6.,-77.11775613486));
#3556 = VECTOR('',#3557,1.);
#3557 = DIRECTION('',(1.,0.,0.));
#3558 = PCURVE('',#1781,#3559);
#3559 = DEFINITIONAL_REPRESENTATION('',(#3560),#3564);
#3560 = LINE('',#3561,#3562);
#3561 = CARTESIAN_POINT('',(2.,0.));
#3562 = VECTOR('',#3563,1.);
#3563 = DIRECTION('',(0.,-1.));
#3564 = ( GEOMETRIC_REPRESENTATION_CONTEXT(2) 
PARAMETRIC_REPRESENTATION_CONTEXT() REPRESENTATION_CONTEXT('2D SPACE',''
  ) );
#3565 = PCURVE('',#1753,#3566);
#3566 = DEFINITIONAL_REPRESENTATION('',(#3567),#3571);
#3567 = LINE('',#3568,#3569);
#3568 = CARTESIAN_POINT('',(1.570796326795,0.));
#3569 = VECTOR('',#3570,1.);
#3570 = DIRECTION('',(0.,1.));
#3571 = ( GEOMETRIC_REPRESENTATION_CONTEXT(2) 
PARAMETRIC_REPRESENTATION_CONTEXT() REPRESENTATION_CONTEXT('2D SPACE',''
  ) );
#3572 = ORIENTED_EDGE('',*,*,#1765,.T.);
#3573 = ORIENTED_EDGE('',*,*,#3481,.F.);
#3574 = ADVANCED_FACE('',(#3575),#1753,.T.);
#3575 = FACE_BOUND('',#3576,.T.);
#3576 = EDGE_LOOP('',(#3577,#3600,#3622,#3623));
#3577 = ORIENTED_EDGE('',*,*,#3578,.F.);
#3578 = EDGE_CURVE('',#3579,#1709,#3581,.T.);
#3579 = VERTEX_POINT('',#3580);
#3580 = CARTESIAN_POINT('',(30.,4.,-79.11775613486));
#3581 = SURFACE_CURVE('',#3582,(#3586,#3593),.PCURVE_S1.);
#3582 = LINE('',#3583,#3584);
#3583 = CARTESIAN_POINT('',(-85.5,4.,-79.11775613486));
#3584 = VECTOR('',#3585,1.);
#3585 = DIRECTION('',(1.,0.,0.));
#3586 = PCURVE('',#1753,#3587);
#3587 = DEFINITIONAL_REPRESENTATION('',(#3588),#3592);
#3588 = LINE('',#3589,#3590);
#3589 = CARTESIAN_POINT('',(0.,0.));
#3590 = VECTOR('',#3591,1.);
#3591 = DIRECTION('',(0.,1.));
#3592 = ( GEOMETRIC_REPRESENTATION_CONTEXT(2) 
PARAMETRIC_REPRESENTATION_CONTEXT() REPRESENTATION_CONTEXT('2D SPACE',''
  ) );
#3593 = PCURVE('',#1724,#3594);
#3594 = DEFINITIONAL_REPRESENTATION('',(#3595),#3599);
#3595 = LINE('',#3596,#3597);
#3596 = CARTESIAN_POINT('',(4.,0.));
#3597 = VECTOR('',#3598,1.);
#3598 = DIRECTION('',(0.,-1.));
#3599 = ( GEOMETRIC_REPRESENTATION_CONTEXT(2) 
PARAMETRIC_REPRESENTATION_CONTEXT() REPRESENTATION_CONTEXT('2D SPACE',''
  ) );
#3600 = ORIENTED_EDGE('',*,*,#3601,.T.);
#3601 = EDGE_CURVE('',#3579,#3532,#3602,.T.);
#3602 = SURFACE_CURVE('',#3603,(#3608,#3615),.PCURVE_S1.);
#3603 = CIRCLE('',#3604,2.);
#3604 = AXIS2_PLACEMENT_3D('',#3605,#3606,#3607);
#3605 = CARTESIAN_POINT('',(30.,4.,-77.11775613486));
#3606 = DIRECTION('',(1.,0.,0.));
#3607 = DIRECTION('',(0.,0.,-1.));
#3608 = PCURVE('',#1753,#3609);
#3609 = DEFINITIONAL_REPRESENTATION('',(#3610),#3614);
#3610 = LINE('',#3611,#3612);
#3611 = CARTESIAN_POINT('',(0.,115.5));
#3612 = VECTOR('',#3613,1.);
#3613 = DIRECTION('',(1.,0.));
#3614 = ( GEOMETRIC_REPRESENTATION_CONTEXT(2) 
PARAMETRIC_REPRESENTATION_CONTEXT() REPRESENTATION_CONTEXT('2D SPACE',''
  ) );
#3615 = PCURVE('',#2136,#3616);
#3616 = DEFINITIONAL_REPRESENTATION('',(#3617),#3621);
#3617 = CIRCLE('',#3618,2.);
#3618 = AXIS2_PLACEMENT_2D('',#3619,#3620);
#3619 = CARTESIAN_POINT('',(4.,-4.));
#3620 = DIRECTION('',(-1.,0.));
#3621 = ( GEOMETRIC_REPRESENTATION_CONTEXT(2) 
PARAMETRIC_REPRESENTATION_CONTEXT() REPRESENTATION_CONTEXT('2D SPACE',''
  ) );
#3622 = ORIENTED_EDGE('',*,*,#3552,.T.);
#3623 = ORIENTED_EDGE('',*,*,#1736,.F.);
#3624 = ADVANCED_FACE('',(#3625),#1724,.F.);
#3625 = FACE_BOUND('',#3626,.F.);
#3626 = EDGE_LOOP('',(#3627,#3646,#3647,#3648));
#3627 = ORIENTED_EDGE('',*,*,#3628,.F.);
#3628 = EDGE_CURVE('',#3333,#3579,#3629,.T.);
#3629 = SURFACE_CURVE('',#3630,(#3634,#3640),.PCURVE_S1.);
#3630 = LINE('',#3631,#3632);
#3631 = CARTESIAN_POINT('',(30.,0.,-79.11775613486));
#3632 = VECTOR('',#3633,1.);
#3633 = DIRECTION('',(0.,1.,0.));
#3634 = PCURVE('',#1724,#3635);
#3635 = DEFINITIONAL_REPRESENTATION('',(#3636),#3639);
#3636 = B_SPLINE_CURVE_WITH_KNOTS('',1,(#3637,#3638),.UNSPECIFIED.,.F.,
  .F.,(2,2),(2.,4.),.PIECEWISE_BEZIER_KNOTS.);
#3637 = CARTESIAN_POINT('',(2.,-115.5));
#3638 = CARTESIAN_POINT('',(4.,-115.5));
#3639 = ( GEOMETRIC_REPRESENTATION_CONTEXT(2) 
PARAMETRIC_REPRESENTATION_CONTEXT() REPRESENTATION_CONTEXT('2D SPACE',''
  ) );
#3640 = PCURVE('',#2136,#3641);
#3641 = DEFINITIONAL_REPRESENTATION('',(#3642),#3645);
#3642 = B_SPLINE_CURVE_WITH_KNOTS('',1,(#3643,#3644),.UNSPECIFIED.,.F.,
  .F.,(2,2),(2.,4.),.PIECEWISE_BEZIER_KNOTS.);
#3643 = CARTESIAN_POINT('',(2.,-2.));
#3644 = CARTESIAN_POINT('',(2.,-4.));
#3645 = ( GEOMETRIC_REPRESENTATION_CONTEXT(2) 
PARAMETRIC_REPRESENTATION_CONTEXT() REPRESENTATION_CONTEXT('2D SPACE',''
  ) );
#3646 = ORIENTED_EDGE('',*,*,#3332,.T.);
#3647 = ORIENTED_EDGE('',*,*,#1708,.T.);
#3648 = ORIENTED_EDGE('',*,*,#3578,.F.);
#3649 = ADVANCED_FACE('',(#3650),#2136,.F.);
#3650 = FACE_BOUND('',#3651,.F.);
#3651 = EDGE_LOOP('',(#3652,#3653,#3654,#3655,#3656,#3657,#3658,#3659,
    #3682,#3708,#3734,#3755,#3756));
#3652 = ORIENTED_EDGE('',*,*,#3404,.F.);
#3653 = ORIENTED_EDGE('',*,*,#3355,.T.);
#3654 = ORIENTED_EDGE('',*,*,#3628,.T.);
#3655 = ORIENTED_EDGE('',*,*,#3601,.T.);
#3656 = ORIENTED_EDGE('',*,*,#3531,.T.);
#3657 = ORIENTED_EDGE('',*,*,#3504,.F.);
#3658 = ORIENTED_EDGE('',*,*,#2121,.T.);
#3659 = ORIENTED_EDGE('',*,*,#3660,.T.);
#3660 = EDGE_CURVE('',#2096,#3661,#3663,.T.);
#3661 = VERTEX_POINT('',#3662);
#3662 = CARTESIAN_POINT('',(30.,9.,-23.63766968501));
#3663 = SURFACE_CURVE('',#3664,(#3668,#3675),.PCURVE_S1.);
#3664 = LINE('',#3665,#3666);
#3665 = CARTESIAN_POINT('',(30.,9.,-81.11775613486));
#3666 = VECTOR('',#3667,1.);
#3667 = DIRECTION('',(0.,0.,1.));
#3668 = PCURVE('',#2136,#3669);
#3669 = DEFINITIONAL_REPRESENTATION('',(#3670),#3674);
#3670 = LINE('',#3671,#3672);
#3671 = CARTESIAN_POINT('',(0.,-9.));
#3672 = VECTOR('',#3673,1.);
#3673 = DIRECTION('',(1.,0.));
#3674 = ( GEOMETRIC_REPRESENTATION_CONTEXT(2) 
PARAMETRIC_REPRESENTATION_CONTEXT() REPRESENTATION_CONTEXT('2D SPACE',''
  ) );
#3675 = PCURVE('',#2110,#3676);
#3676 = DEFINITIONAL_REPRESENTATION('',(#3677),#3681);
#3677 = LINE('',#3678,#3679);
#3678 = CARTESIAN_POINT('',(0.,60.));
#3679 = VECTOR('',#3680,1.);
#3680 = DIRECTION('',(1.,0.));
#3681 = ( GEOMETRIC_REPRESENTATION_CONTEXT(2) 
PARAMETRIC_REPRESENTATION_CONTEXT() REPRESENTATION_CONTEXT('2D SPACE',''
  ) );
#3682 = ORIENTED_EDGE('',*,*,#3683,.F.);
#3683 = EDGE_CURVE('',#3684,#3661,#3686,.T.);
#3684 = VERTEX_POINT('',#3685);
#3685 = CARTESIAN_POINT('',(30.,6.,-23.));
#3686 = SURFACE_CURVE('',#3687,(#3691,#3697),.PCURVE_S1.);
#3687 = LINE('',#3688,#3689);
#3688 = CARTESIAN_POINT('',(30.,9.039337071884,-23.64603103775));
#3689 = VECTOR('',#3690,1.);
#3690 = DIRECTION('',(0.,0.978147600734,-0.207911690818));
#3691 = PCURVE('',#2136,#3692);
#3692 = DEFINITIONAL_REPRESENTATION('',(#3693),#3696);
#3693 = B_SPLINE_CURVE_WITH_KNOTS('',1,(#3694,#3695),.UNSPECIFIED.,.F.,
  .F.,(2,2),(-3.107237670065,-4.021588546998E-02),
  .PIECEWISE_BEZIER_KNOTS.);
#3694 = CARTESIAN_POINT('',(58.11775613486,-6.));
#3695 = CARTESIAN_POINT('',(57.48008644985,-9.));
#3696 = ( GEOMETRIC_REPRESENTATION_CONTEXT(2) 
PARAMETRIC_REPRESENTATION_CONTEXT() REPRESENTATION_CONTEXT('2D SPACE',''
  ) );
#3697 = PCURVE('',#3698,#3703);
#3698 = PLANE('',#3699);
#3699 = AXIS2_PLACEMENT_3D('',#3700,#3701,#3702);
#3700 = CARTESIAN_POINT('',(-91.5,6.,-23.));
#3701 = DIRECTION('',(0.,0.207911690818,0.978147600734));
#3702 = DIRECTION('',(1.,0.,0.));
#3703 = DEFINITIONAL_REPRESENTATION('',(#3704),#3707);
#3704 = B_SPLINE_CURVE_WITH_KNOTS('',1,(#3705,#3706),.UNSPECIFIED.,.F.,
  .F.,(2,2),(-3.107237670065,-4.021588546998E-02),
  .PIECEWISE_BEZIER_KNOTS.);
#3705 = CARTESIAN_POINT('',(121.5,0.));
#3706 = CARTESIAN_POINT('',(121.5,3.067021784595));
#3707 = ( GEOMETRIC_REPRESENTATION_CONTEXT(2) 
PARAMETRIC_REPRESENTATION_CONTEXT() REPRESENTATION_CONTEXT('2D SPACE',''
  ) );
#3708 = ORIENTED_EDGE('',*,*,#3709,.F.);
#3709 = EDGE_CURVE('',#3710,#3684,#3712,.T.);
#3710 = VERTEX_POINT('',#3711);
#3711 = CARTESIAN_POINT('',(30.,9.,-8.886109671565));
#3712 = SURFACE_CURVE('',#3713,(#3717,#3723),.PCURVE_S1.);
#3713 = LINE('',#3714,#3715);
#3714 = CARTESIAN_POINT('',(30.,-3.933707188384E-02,-51.41284702967));
#3715 = VECTOR('',#3716,1.);
#3716 = DIRECTION('',(0.,-0.207911690818,-0.978147600734));
#3717 = PCURVE('',#2136,#3718);
#3718 = DEFINITIONAL_REPRESENTATION('',(#3719),#3722);
#3719 = B_SPLINE_CURVE_WITH_KNOTS('',1,(#3720,#3721),.UNSPECIFIED.,.F.,
  .F.,(2,2),(-43.47680996835,-29.04760693412),.PIECEWISE_BEZIER_KNOTS.);
#3720 = CARTESIAN_POINT('',(72.231646463295,-9.));
#3721 = CARTESIAN_POINT('',(58.11775613486,-6.));
#3722 = ( GEOMETRIC_REPRESENTATION_CONTEXT(2) 
PARAMETRIC_REPRESENTATION_CONTEXT() REPRESENTATION_CONTEXT('2D SPACE',''
  ) );
#3723 = PCURVE('',#3724,#3729);
#3724 = PLANE('',#3725);
#3725 = AXIS2_PLACEMENT_3D('',#3726,#3727,#3728);
#3726 = CARTESIAN_POINT('',(-91.5,6.,-23.));
#3727 = DIRECTION('',(0.,0.978147600734,-0.207911690818));
#3728 = DIRECTION('',(0.,0.207911690818,0.978147600734));
#3729 = DEFINITIONAL_REPRESENTATION('',(#3730),#3733);
#3730 = B_SPLINE_CURVE_WITH_KNOTS('',1,(#3731,#3732),.UNSPECIFIED.,.F.,
  .F.,(2,2),(-43.47680996835,-29.04760693412),.PIECEWISE_BEZIER_KNOTS.);
#3731 = CARTESIAN_POINT('',(14.429203034232,121.5));
#3732 = CARTESIAN_POINT('',(0.,121.5));
#3733 = ( GEOMETRIC_REPRESENTATION_CONTEXT(2) 
PARAMETRIC_REPRESENTATION_CONTEXT() REPRESENTATION_CONTEXT('2D SPACE',''
  ) );
#3734 = ORIENTED_EDGE('',*,*,#3735,.T.);
#3735 = EDGE_CURVE('',#3710,#2587,#3736,.T.);
#3736 = SURFACE_CURVE('',#3737,(#3741,#3748),.PCURVE_S1.);
#3737 = LINE('',#3738,#3739);
#3738 = CARTESIAN_POINT('',(30.,9.,-81.11775613486));
#3739 = VECTOR('',#3740,1.);
#3740 = DIRECTION('',(0.,0.,1.));
#3741 = PCURVE('',#2136,#3742);
#3742 = DEFINITIONAL_REPRESENTATION('',(#3743),#3747);
#3743 = LINE('',#3744,#3745);
#3744 = CARTESIAN_POINT('',(0.,-9.));
#3745 = VECTOR('',#3746,1.);
#3746 = DIRECTION('',(1.,0.));
#3747 = ( GEOMETRIC_REPRESENTATION_CONTEXT(2) 
PARAMETRIC_REPRESENTATION_CONTEXT() REPRESENTATION_CONTEXT('2D SPACE',''
  ) );
#3748 = PCURVE('',#2622,#3749);
#3749 = DEFINITIONAL_REPRESENTATION('',(#3750),#3754);
#3750 = LINE('',#3751,#3752);
#3751 = CARTESIAN_POINT('',(0.,60.));
#3752 = VECTOR('',#3753,1.);
#3753 = DIRECTION('',(1.,0.));
#3754 = ( GEOMETRIC_REPRESENTATION_CONTEXT(2) 
PARAMETRIC_REPRESENTATION_CONTEXT() REPRESENTATION_CONTEXT('2D SPACE',''
  ) );
#3755 = ORIENTED_EDGE('',*,*,#2586,.T.);
#3756 = ORIENTED_EDGE('',*,*,#3454,.T.);
#3757 = ADVANCED_FACE('',(#3758),#2110,.F.);
#3758 = FACE_BOUND('',#3759,.F.);
#3759 = EDGE_LOOP('',(#3760,#3761,#3762,#3785));
#3760 = ORIENTED_EDGE('',*,*,#3660,.F.);
#3761 = ORIENTED_EDGE('',*,*,#2095,.T.);
#3762 = ORIENTED_EDGE('',*,*,#3763,.T.);
#3763 = EDGE_CURVE('',#2070,#3764,#3766,.T.);
#3764 = VERTEX_POINT('',#3765);
#3765 = CARTESIAN_POINT('',(-30.,9.,-23.63766968501));
#3766 = SURFACE_CURVE('',#3767,(#3771,#3778),.PCURVE_S1.);
#3767 = LINE('',#3768,#3769);
#3768 = CARTESIAN_POINT('',(-30.,9.,-81.11775613486));
#3769 = VECTOR('',#3770,1.);
#3770 = DIRECTION('',(0.,0.,1.));
#3771 = PCURVE('',#2110,#3772);
#3772 = DEFINITIONAL_REPRESENTATION('',(#3773),#3777);
#3773 = LINE('',#3774,#3775);
#3774 = CARTESIAN_POINT('',(0.,0.));
#3775 = VECTOR('',#3776,1.);
#3776 = DIRECTION('',(1.,0.));
#3777 = ( GEOMETRIC_REPRESENTATION_CONTEXT(2) 
PARAMETRIC_REPRESENTATION_CONTEXT() REPRESENTATION_CONTEXT('2D SPACE',''
  ) );
#3778 = PCURVE('',#2084,#3779);
#3779 = DEFINITIONAL_REPRESENTATION('',(#3780),#3784);
#3780 = LINE('',#3781,#3782);
#3781 = CARTESIAN_POINT('',(0.,-9.));
#3782 = VECTOR('',#3783,1.);
#3783 = DIRECTION('',(1.,0.));
#3784 = ( GEOMETRIC_REPRESENTATION_CONTEXT(2) 
PARAMETRIC_REPRESENTATION_CONTEXT() REPRESENTATION_CONTEXT('2D SPACE',''
  ) );
#3785 = ORIENTED_EDGE('',*,*,#3786,.F.);
#3786 = EDGE_CURVE('',#3661,#3764,#3787,.T.);
#3787 = SURFACE_CURVE('',#3788,(#3792,#3798),.PCURVE_S1.);
#3788 = LINE('',#3789,#3790);
#3789 = CARTESIAN_POINT('',(-60.75,9.,-23.63766968501));
#3790 = VECTOR('',#3791,1.);
#3791 = DIRECTION('',(-1.,0.,0.));
#3792 = PCURVE('',#2110,#3793);
#3793 = DEFINITIONAL_REPRESENTATION('',(#3794),#3797);
#3794 = B_SPLINE_CURVE_WITH_KNOTS('',1,(#3795,#3796),.UNSPECIFIED.,.F.,
  .F.,(2,2),(-90.75,-30.75),.PIECEWISE_BEZIER_KNOTS.);
#3795 = CARTESIAN_POINT('',(57.48008644985,60.));
#3796 = CARTESIAN_POINT('',(57.48008644985,0.));
#3797 = ( GEOMETRIC_REPRESENTATION_CONTEXT(2) 
PARAMETRIC_REPRESENTATION_CONTEXT() REPRESENTATION_CONTEXT('2D SPACE',''
  ) );
#3798 = PCURVE('',#3698,#3799);
#3799 = DEFINITIONAL_REPRESENTATION('',(#3800),#3803);
#3800 = B_SPLINE_CURVE_WITH_KNOTS('',1,(#3801,#3802),.UNSPECIFIED.,.F.,
  .F.,(2,2),(-90.75,-30.75),.PIECEWISE_BEZIER_KNOTS.);
#3801 = CARTESIAN_POINT('',(121.5,3.067021784595));
#3802 = CARTESIAN_POINT('',(61.5,3.067021784595));
#3803 = ( GEOMETRIC_REPRESENTATION_CONTEXT(2) 
PARAMETRIC_REPRESENTATION_CONTEXT() REPRESENTATION_CONTEXT('2D SPACE',''
  ) );
#3804 = ADVANCED_FACE('',(#3805),#2084,.T.);
#3805 = FACE_BOUND('',#3806,.T.);
#3806 = EDGE_LOOP('',(#3807,#3808,#3809,#3810,#3811,#3812,#3813,#3814,
    #3815,#3836,#3857,#3878,#3879));
#3807 = ORIENTED_EDGE('',*,*,#2465,.F.);
#3808 = ORIENTED_EDGE('',*,*,#2416,.T.);
#3809 = ORIENTED_EDGE('',*,*,#3133,.T.);
#3810 = ORIENTED_EDGE('',*,*,#3106,.T.);
#3811 = ORIENTED_EDGE('',*,*,#3058,.T.);
#3812 = ORIENTED_EDGE('',*,*,#3009,.F.);
#3813 = ORIENTED_EDGE('',*,*,#2069,.T.);
#3814 = ORIENTED_EDGE('',*,*,#3763,.T.);
#3815 = ORIENTED_EDGE('',*,*,#3816,.F.);
#3816 = EDGE_CURVE('',#3817,#3764,#3819,.T.);
#3817 = VERTEX_POINT('',#3818);
#3818 = CARTESIAN_POINT('',(-30.,6.,-23.));
#3819 = SURFACE_CURVE('',#3820,(#3824,#3830),.PCURVE_S1.);
#3820 = LINE('',#3821,#3822);
#3821 = CARTESIAN_POINT('',(-30.,9.039337071884,-23.64603103775));
#3822 = VECTOR('',#3823,1.);
#3823 = DIRECTION('',(0.,0.978147600734,-0.207911690818));
#3824 = PCURVE('',#2084,#3825);
#3825 = DEFINITIONAL_REPRESENTATION('',(#3826),#3829);
#3826 = B_SPLINE_CURVE_WITH_KNOTS('',1,(#3827,#3828),.UNSPECIFIED.,.F.,
  .F.,(2,2),(-3.107237670065,-4.021588546998E-02),
  .PIECEWISE_BEZIER_KNOTS.);
#3827 = CARTESIAN_POINT('',(58.11775613486,-6.));
#3828 = CARTESIAN_POINT('',(57.48008644985,-9.));
#3829 = ( GEOMETRIC_REPRESENTATION_CONTEXT(2) 
PARAMETRIC_REPRESENTATION_CONTEXT() REPRESENTATION_CONTEXT('2D SPACE',''
  ) );
#3830 = PCURVE('',#3698,#3831);
#3831 = DEFINITIONAL_REPRESENTATION('',(#3832),#3835);
#3832 = B_SPLINE_CURVE_WITH_KNOTS('',1,(#3833,#3834),.UNSPECIFIED.,.F.,
  .F.,(2,2),(-3.107237670065,-4.021588546998E-02),
  .PIECEWISE_BEZIER_KNOTS.);
#3833 = CARTESIAN_POINT('',(61.5,0.));
#3834 = CARTESIAN_POINT('',(61.5,3.067021784595));
#3835 = ( GEOMETRIC_REPRESENTATION_CONTEXT(2) 
PARAMETRIC_REPRESENTATION_CONTEXT() REPRESENTATION_CONTEXT('2D SPACE',''
  ) );
#3836 = ORIENTED_EDGE('',*,*,#3837,.F.);
#3837 = EDGE_CURVE('',#3838,#3817,#3840,.T.);
#3838 = VERTEX_POINT('',#3839);
#3839 = CARTESIAN_POINT('',(-30.,9.,-8.886109671565));
#3840 = SURFACE_CURVE('',#3841,(#3845,#3851),.PCURVE_S1.);
#3841 = LINE('',#3842,#3843);
#3842 = CARTESIAN_POINT('',(-30.,-3.933707188384E-02,-51.41284702967));
#3843 = VECTOR('',#3844,1.);
#3844 = DIRECTION('',(0.,-0.207911690818,-0.978147600734));
#3845 = PCURVE('',#2084,#3846);
#3846 = DEFINITIONAL_REPRESENTATION('',(#3847),#3850);
#3847 = B_SPLINE_CURVE_WITH_KNOTS('',1,(#3848,#3849),.UNSPECIFIED.,.F.,
  .F.,(2,2),(-43.47680996835,-29.04760693412),.PIECEWISE_BEZIER_KNOTS.);
#3848 = CARTESIAN_POINT('',(72.231646463295,-9.));
#3849 = CARTESIAN_POINT('',(58.11775613486,-6.));
#3850 = ( GEOMETRIC_REPRESENTATION_CONTEXT(2) 
PARAMETRIC_REPRESENTATION_CONTEXT() REPRESENTATION_CONTEXT('2D SPACE',''
  ) );
#3851 = PCURVE('',#3724,#3852);
#3852 = DEFINITIONAL_REPRESENTATION('',(#3853),#3856);
#3853 = B_SPLINE_CURVE_WITH_KNOTS('',1,(#3854,#3855),.UNSPECIFIED.,.F.,
  .F.,(2,2),(-43.47680996835,-29.04760693412),.PIECEWISE_BEZIER_KNOTS.);
#3854 = CARTESIAN_POINT('',(14.429203034232,61.5));
#3855 = CARTESIAN_POINT('',(0.,61.5));
#3856 = ( GEOMETRIC_REPRESENTATION_CONTEXT(2) 
PARAMETRIC_REPRESENTATION_CONTEXT() REPRESENTATION_CONTEXT('2D SPACE',''
  ) );
#3857 = ORIENTED_EDGE('',*,*,#3858,.T.);
#3858 = EDGE_CURVE('',#3838,#2608,#3859,.T.);
#3859 = SURFACE_CURVE('',#3860,(#3864,#3871),.PCURVE_S1.);
#3860 = LINE('',#3861,#3862);
#3861 = CARTESIAN_POINT('',(-30.,9.,-81.11775613486));
#3862 = VECTOR('',#3863,1.);
#3863 = DIRECTION('',(0.,0.,1.));
#3864 = PCURVE('',#2084,#3865);
#3865 = DEFINITIONAL_REPRESENTATION('',(#3866),#3870);
#3866 = LINE('',#3867,#3868);
#3867 = CARTESIAN_POINT('',(0.,-9.));
#3868 = VECTOR('',#3869,1.);
#3869 = DIRECTION('',(1.,0.));
#3870 = ( GEOMETRIC_REPRESENTATION_CONTEXT(2) 
PARAMETRIC_REPRESENTATION_CONTEXT() REPRESENTATION_CONTEXT('2D SPACE',''
  ) );
#3871 = PCURVE('',#2622,#3872);
#3872 = DEFINITIONAL_REPRESENTATION('',(#3873),#3877);
#3873 = LINE('',#3874,#3875);
#3874 = CARTESIAN_POINT('',(0.,0.));
#3875 = VECTOR('',#3876,1.);
#3876 = DIRECTION('',(1.,0.));
#3877 = ( GEOMETRIC_REPRESENTATION_CONTEXT(2) 
PARAMETRIC_REPRESENTATION_CONTEXT() REPRESENTATION_CONTEXT('2D SPACE',''
  ) );
#3878 = ORIENTED_EDGE('',*,*,#2633,.T.);
#3879 = ORIENTED_EDGE('',*,*,#2515,.T.);
#3880 = ADVANCED_FACE('',(#3881),#2622,.F.);
#3881 = FACE_BOUND('',#3882,.F.);
#3882 = EDGE_LOOP('',(#3883,#3884,#3905,#3931,#3957,#3983,#4004,#4030,
    #4056,#4082,#4101,#4102));
#3883 = ORIENTED_EDGE('',*,*,#3735,.F.);
#3884 = ORIENTED_EDGE('',*,*,#3885,.F.);
#3885 = EDGE_CURVE('',#3886,#3710,#3888,.T.);
#3886 = VERTEX_POINT('',#3887);
#3887 = CARTESIAN_POINT('',(27.8,9.,-8.886109671565));
#3888 = SURFACE_CURVE('',#3889,(#3893,#3899),.PCURVE_S1.);
#3889 = LINE('',#3890,#3891);
#3890 = CARTESIAN_POINT('',(-60.75,9.,-8.886109671564));
#3891 = VECTOR('',#3892,1.);
#3892 = DIRECTION('',(1.,-0.,0.));
#3893 = PCURVE('',#2622,#3894);
#3894 = DEFINITIONAL_REPRESENTATION('',(#3895),#3898);
#3895 = B_SPLINE_CURVE_WITH_KNOTS('',1,(#3896,#3897),.UNSPECIFIED.,.F.,
  .F.,(2,2),(30.75,90.75),.PIECEWISE_BEZIER_KNOTS.);
#3896 = CARTESIAN_POINT('',(72.231646463296,0.));
#3897 = CARTESIAN_POINT('',(72.231646463296,60.));
#3898 = ( GEOMETRIC_REPRESENTATION_CONTEXT(2) 
PARAMETRIC_REPRESENTATION_CONTEXT() REPRESENTATION_CONTEXT('2D SPACE',''
  ) );
#3899 = PCURVE('',#3724,#3900);
#3900 = DEFINITIONAL_REPRESENTATION('',(#3901),#3904);
#3901 = B_SPLINE_CURVE_WITH_KNOTS('',1,(#3902,#3903),.UNSPECIFIED.,.F.,
  .F.,(2,2),(30.75,90.75),.PIECEWISE_BEZIER_KNOTS.);
#3902 = CARTESIAN_POINT('',(14.429203034233,61.5));
#3903 = CARTESIAN_POINT('',(14.429203034233,121.5));
#3904 = ( GEOMETRIC_REPRESENTATION_CONTEXT(2) 
PARAMETRIC_REPRESENTATION_CONTEXT() REPRESENTATION_CONTEXT('2D SPACE',''
  ) );
#3905 = ORIENTED_EDGE('',*,*,#3906,.F.);
#3906 = EDGE_CURVE('',#3907,#3886,#3909,.T.);
#3907 = VERTEX_POINT('',#3908);
#3908 = CARTESIAN_POINT('',(27.8,9.,-14.43660433122));
#3909 = SURFACE_CURVE('',#3910,(#3914,#3920),.PCURVE_S1.);
#3910 = LINE('',#3911,#3912);
#3911 = CARTESIAN_POINT('',(27.8,9.,-47.55325801871));
#3912 = VECTOR('',#3913,1.);
#3913 = DIRECTION('',(0.,0.,1.));
#3914 = PCURVE('',#2622,#3915);
#3915 = DEFINITIONAL_REPRESENTATION('',(#3916),#3919);
#3916 = B_SPLINE_CURVE_WITH_KNOTS('',1,(#3917,#3918),.UNSPECIFIED.,.F.,
  .F.,(2,2),(33.116653687494,38.667148347154),.PIECEWISE_BEZIER_KNOTS.);
#3917 = CARTESIAN_POINT('',(66.681151803635,57.8));
#3918 = CARTESIAN_POINT('',(72.231646463295,57.8));
#3919 = ( GEOMETRIC_REPRESENTATION_CONTEXT(2) 
PARAMETRIC_REPRESENTATION_CONTEXT() REPRESENTATION_CONTEXT('2D SPACE',''
  ) );
#3920 = PCURVE('',#3921,#3926);
#3921 = PLANE('',#3922);
#3922 = AXIS2_PLACEMENT_3D('',#3923,#3924,#3925);
#3923 = CARTESIAN_POINT('',(27.8,6.893057616626,-13.98875990257));
#3924 = DIRECTION('',(1.,0.,0.));
#3925 = DIRECTION('',(0.,0.207911690818,0.978147600734));
#3926 = DEFINITIONAL_REPRESENTATION('',(#3927),#3930);
#3927 = B_SPLINE_CURVE_WITH_KNOTS('',1,(#3928,#3929),.UNSPECIFIED.,.F.,
  .F.,(2,2),(33.116653687494,38.667148347154),.PIECEWISE_BEZIER_KNOTS.);
#3928 = CARTESIAN_POINT('',(0.,-2.154012729565));
#3929 = CARTESIAN_POINT('',(5.429203034232,-1.));
#3930 = ( GEOMETRIC_REPRESENTATION_CONTEXT(2) 
PARAMETRIC_REPRESENTATION_CONTEXT() REPRESENTATION_CONTEXT('2D SPACE',''
  ) );
#3931 = ORIENTED_EDGE('',*,*,#3932,.T.);
#3932 = EDGE_CURVE('',#3907,#3933,#3935,.T.);
#3933 = VERTEX_POINT('',#3934);
#3934 = CARTESIAN_POINT('',(11.8,9.,-14.43660433122));
#3935 = SURFACE_CURVE('',#3936,(#3940,#3946),.PCURVE_S1.);
#3936 = LINE('',#3937,#3938);
#3937 = CARTESIAN_POINT('',(-9.1,9.,-14.43660433122));
#3938 = VECTOR('',#3939,1.);
#3939 = DIRECTION('',(-1.,0.,0.));
#3940 = PCURVE('',#2622,#3941);
#3941 = DEFINITIONAL_REPRESENTATION('',(#3942),#3945);
#3942 = B_SPLINE_CURVE_WITH_KNOTS('',1,(#3943,#3944),.UNSPECIFIED.,.F.,
  .F.,(2,2),(-36.9,-20.9),.PIECEWISE_BEZIER_KNOTS.);
#3943 = CARTESIAN_POINT('',(66.681151803635,57.8));
#3944 = CARTESIAN_POINT('',(66.681151803635,41.8));
#3945 = ( GEOMETRIC_REPRESENTATION_CONTEXT(2) 
PARAMETRIC_REPRESENTATION_CONTEXT() REPRESENTATION_CONTEXT('2D SPACE',''
  ) );
#3946 = PCURVE('',#3947,#3952);
#3947 = PLANE('',#3948);
#3948 = AXIS2_PLACEMENT_3D('',#3949,#3950,#3951);
#3949 = CARTESIAN_POINT('',(11.8,6.893057616626,-13.98875990257));
#3950 = DIRECTION('',(0.,0.207911690818,0.978147600734));
#3951 = DIRECTION('',(1.,0.,0.));
#3952 = DEFINITIONAL_REPRESENTATION('',(#3953),#3956);
#3953 = B_SPLINE_CURVE_WITH_KNOTS('',1,(#3954,#3955),.UNSPECIFIED.,.F.,
  .F.,(2,2),(-36.9,-20.9),.PIECEWISE_BEZIER_KNOTS.);
#3954 = CARTESIAN_POINT('',(16.,2.154012729565));
#3955 = CARTESIAN_POINT('',(0.,2.154012729565));
#3956 = ( GEOMETRIC_REPRESENTATION_CONTEXT(2) 
PARAMETRIC_REPRESENTATION_CONTEXT() REPRESENTATION_CONTEXT('2D SPACE',''
  ) );
#3957 = ORIENTED_EDGE('',*,*,#3958,.T.);
#3958 = EDGE_CURVE('',#3933,#3959,#3961,.T.);
#3959 = VERTEX_POINT('',#3960);
#3960 = CARTESIAN_POINT('',(11.8,9.,-8.886109671565));
#3961 = SURFACE_CURVE('',#3962,(#3966,#3972),.PCURVE_S1.);
#3962 = LINE('',#3963,#3964);
#3963 = CARTESIAN_POINT('',(11.8,9.,-47.55325801871));
#3964 = VECTOR('',#3965,1.);
#3965 = DIRECTION('',(0.,0.,1.));
#3966 = PCURVE('',#2622,#3967);
#3967 = DEFINITIONAL_REPRESENTATION('',(#3968),#3971);
#3968 = B_SPLINE_CURVE_WITH_KNOTS('',1,(#3969,#3970),.UNSPECIFIED.,.F.,
  .F.,(2,2),(33.116653687494,38.667148347154),.PIECEWISE_BEZIER_KNOTS.);
#3969 = CARTESIAN_POINT('',(66.681151803635,41.8));
#3970 = CARTESIAN_POINT('',(72.231646463295,41.8));
#3971 = ( GEOMETRIC_REPRESENTATION_CONTEXT(2) 
PARAMETRIC_REPRESENTATION_CONTEXT() REPRESENTATION_CONTEXT('2D SPACE',''
  ) );
#3972 = PCURVE('',#3973,#3978);
#3973 = PLANE('',#3974);
#3974 = AXIS2_PLACEMENT_3D('',#3975,#3976,#3977);
#3975 = CARTESIAN_POINT('',(11.8,6.893057616626,-13.98875990257));
#3976 = DIRECTION('',(1.,0.,0.));
#3977 = DIRECTION('',(0.,0.207911690818,0.978147600734));
#3978 = DEFINITIONAL_REPRESENTATION('',(#3979),#3982);
#3979 = B_SPLINE_CURVE_WITH_KNOTS('',1,(#3980,#3981),.UNSPECIFIED.,.F.,
  .F.,(2,2),(33.116653687494,38.667148347154),.PIECEWISE_BEZIER_KNOTS.);
#3980 = CARTESIAN_POINT('',(0.,-2.154012729565));
#3981 = CARTESIAN_POINT('',(5.429203034232,-1.));
#3982 = ( GEOMETRIC_REPRESENTATION_CONTEXT(2) 
PARAMETRIC_REPRESENTATION_CONTEXT() REPRESENTATION_CONTEXT('2D SPACE',''
  ) );
#3983 = ORIENTED_EDGE('',*,*,#3984,.F.);
#3984 = EDGE_CURVE('',#3985,#3959,#3987,.T.);
#3985 = VERTEX_POINT('',#3986);
#3986 = CARTESIAN_POINT('',(-14.8,9.,-8.886109671565));
#3987 = SURFACE_CURVE('',#3988,(#3992,#3998),.PCURVE_S1.);
#3988 = LINE('',#3989,#3990);
#3989 = CARTESIAN_POINT('',(-60.75,9.,-8.886109671564));
#3990 = VECTOR('',#3991,1.);
#3991 = DIRECTION('',(1.,-0.,0.));
#3992 = PCURVE('',#2622,#3993);
#3993 = DEFINITIONAL_REPRESENTATION('',(#3994),#3997);
#3994 = B_SPLINE_CURVE_WITH_KNOTS('',1,(#3995,#3996),.UNSPECIFIED.,.F.,
  .F.,(2,2),(30.75,90.75),.PIECEWISE_BEZIER_KNOTS.);
#3995 = CARTESIAN_POINT('',(72.231646463296,0.));
#3996 = CARTESIAN_POINT('',(72.231646463296,60.));
#3997 = ( GEOMETRIC_REPRESENTATION_CONTEXT(2) 
PARAMETRIC_REPRESENTATION_CONTEXT() REPRESENTATION_CONTEXT('2D SPACE',''
  ) );
#3998 = PCURVE('',#3724,#3999);
#3999 = DEFINITIONAL_REPRESENTATION('',(#4000),#4003);
#4000 = B_SPLINE_CURVE_WITH_KNOTS('',1,(#4001,#4002),.UNSPECIFIED.,.F.,
  .F.,(2,2),(30.75,90.75),.PIECEWISE_BEZIER_KNOTS.);
#4001 = CARTESIAN_POINT('',(14.429203034233,61.5));
#4002 = CARTESIAN_POINT('',(14.429203034233,121.5));
#4003 = ( GEOMETRIC_REPRESENTATION_CONTEXT(2) 
PARAMETRIC_REPRESENTATION_CONTEXT() REPRESENTATION_CONTEXT('2D SPACE',''
  ) );
#4004 = ORIENTED_EDGE('',*,*,#4005,.F.);
#4005 = EDGE_CURVE('',#4006,#3985,#4008,.T.);
#4006 = VERTEX_POINT('',#4007);
#4007 = CARTESIAN_POINT('',(-14.8,9.,-12.90309343892));
#4008 = SURFACE_CURVE('',#4009,(#4013,#4019),.PCURVE_S1.);
#4009 = LINE('',#4010,#4011);
#4010 = CARTESIAN_POINT('',(-14.8,9.,-46.81964731816));
#4011 = VECTOR('',#4012,1.);
#4012 = DIRECTION('',(0.,0.,1.));
#4013 = PCURVE('',#2622,#4014);
#4014 = DEFINITIONAL_REPRESENTATION('',(#4015),#4018);
#4015 = B_SPLINE_CURVE_WITH_KNOTS('',1,(#4016,#4017),.UNSPECIFIED.,.F.,
  .F.,(2,2),(33.916553879241,37.933537646604),.PIECEWISE_BEZIER_KNOTS.);
#4016 = CARTESIAN_POINT('',(68.214662695933,15.2));
#4017 = CARTESIAN_POINT('',(72.231646463295,15.2));
#4018 = ( GEOMETRIC_REPRESENTATION_CONTEXT(2) 
PARAMETRIC_REPRESENTATION_CONTEXT() REPRESENTATION_CONTEXT('2D SPACE',''
  ) );
#4019 = PCURVE('',#4020,#4025);
#4020 = PLANE('',#4021);
#4021 = AXIS2_PLACEMENT_3D('',#4022,#4023,#4024);
#4022 = CARTESIAN_POINT('',(-14.8,7.204925152853,-12.52153850147));
#4023 = DIRECTION('',(1.,0.,0.));
#4024 = DIRECTION('',(0.,0.207911690818,0.978147600734));
#4025 = DEFINITIONAL_REPRESENTATION('',(#4026),#4029);
#4026 = B_SPLINE_CURVE_WITH_KNOTS('',1,(#4027,#4028),.UNSPECIFIED.,.F.,
  .F.,(2,2),(33.916553879241,37.933537646604),.PIECEWISE_BEZIER_KNOTS.);
#4027 = CARTESIAN_POINT('',(7.105427357601E-15,-1.83517788706));
#4028 = CARTESIAN_POINT('',(3.929203034232,-1.));
#4029 = ( GEOMETRIC_REPRESENTATION_CONTEXT(2) 
PARAMETRIC_REPRESENTATION_CONTEXT() REPRESENTATION_CONTEXT('2D SPACE',''
  ) );
#4030 = ORIENTED_EDGE('',*,*,#4031,.T.);
#4031 = EDGE_CURVE('',#4006,#4032,#4034,.T.);
#4032 = VERTEX_POINT('',#4033);
#4033 = CARTESIAN_POINT('',(-24.8,9.,-12.90309343892));
#4034 = SURFACE_CURVE('',#4035,(#4039,#4045),.PCURVE_S1.);
#4035 = LINE('',#4036,#4037);
#4036 = CARTESIAN_POINT('',(-27.4,9.,-12.90309343892));
#4037 = VECTOR('',#4038,1.);
#4038 = DIRECTION('',(-1.,0.,0.));
#4039 = PCURVE('',#2622,#4040);
#4040 = DEFINITIONAL_REPRESENTATION('',(#4041),#4044);
#4041 = B_SPLINE_CURVE_WITH_KNOTS('',1,(#4042,#4043),.UNSPECIFIED.,.F.,
  .F.,(2,2),(-12.6,-2.6),.PIECEWISE_BEZIER_KNOTS.);
#4042 = CARTESIAN_POINT('',(68.214662695933,15.2));
#4043 = CARTESIAN_POINT('',(68.214662695933,5.2));
#4044 = ( GEOMETRIC_REPRESENTATION_CONTEXT(2) 
PARAMETRIC_REPRESENTATION_CONTEXT() REPRESENTATION_CONTEXT('2D SPACE',''
  ) );
#4045 = PCURVE('',#4046,#4051);
#4046 = PLANE('',#4047);
#4047 = AXIS2_PLACEMENT_3D('',#4048,#4049,#4050);
#4048 = CARTESIAN_POINT('',(-24.8,7.204925152853,-12.52153850147));
#4049 = DIRECTION('',(0.,0.207911690818,0.978147600734));
#4050 = DIRECTION('',(1.,0.,0.));
#4051 = DEFINITIONAL_REPRESENTATION('',(#4052),#4055);
#4052 = B_SPLINE_CURVE_WITH_KNOTS('',1,(#4053,#4054),.UNSPECIFIED.,.F.,
  .F.,(2,2),(-12.6,-2.6),.PIECEWISE_BEZIER_KNOTS.);
#4053 = CARTESIAN_POINT('',(10.,1.83517788706));
#4054 = CARTESIAN_POINT('',(0.,1.83517788706));
#4055 = ( GEOMETRIC_REPRESENTATION_CONTEXT(2) 
PARAMETRIC_REPRESENTATION_CONTEXT() REPRESENTATION_CONTEXT('2D SPACE',''
  ) );
#4056 = ORIENTED_EDGE('',*,*,#4057,.T.);
#4057 = EDGE_CURVE('',#4032,#4058,#4060,.T.);
#4058 = VERTEX_POINT('',#4059);
#4059 = CARTESIAN_POINT('',(-24.8,9.,-8.886109671565));
#4060 = SURFACE_CURVE('',#4061,(#4065,#4071),.PCURVE_S1.);
#4061 = LINE('',#4062,#4063);
#4062 = CARTESIAN_POINT('',(-24.8,9.,-46.81964731816));
#4063 = VECTOR('',#4064,1.);
#4064 = DIRECTION('',(0.,0.,1.));
#4065 = PCURVE('',#2622,#4066);
#4066 = DEFINITIONAL_REPRESENTATION('',(#4067),#4070);
#4067 = B_SPLINE_CURVE_WITH_KNOTS('',1,(#4068,#4069),.UNSPECIFIED.,.F.,
  .F.,(2,2),(33.916553879241,37.933537646604),.PIECEWISE_BEZIER_KNOTS.);
#4068 = CARTESIAN_POINT('',(68.214662695933,5.2));
#4069 = CARTESIAN_POINT('',(72.231646463295,5.2));
#4070 = ( GEOMETRIC_REPRESENTATION_CONTEXT(2) 
PARAMETRIC_REPRESENTATION_CONTEXT() REPRESENTATION_CONTEXT('2D SPACE',''
  ) );
#4071 = PCURVE('',#4072,#4077);
#4072 = PLANE('',#4073);
#4073 = AXIS2_PLACEMENT_3D('',#4074,#4075,#4076);
#4074 = CARTESIAN_POINT('',(-24.8,7.204925152853,-12.52153850147));
#4075 = DIRECTION('',(1.,0.,0.));
#4076 = DIRECTION('',(0.,0.207911690818,0.978147600734));
#4077 = DEFINITIONAL_REPRESENTATION('',(#4078),#4081);
#4078 = B_SPLINE_CURVE_WITH_KNOTS('',1,(#4079,#4080),.UNSPECIFIED.,.F.,
  .F.,(2,2),(33.916553879241,37.933537646604),.PIECEWISE_BEZIER_KNOTS.);
#4079 = CARTESIAN_POINT('',(7.105427357601E-15,-1.83517788706));
#4080 = CARTESIAN_POINT('',(3.929203034232,-1.));
#4081 = ( GEOMETRIC_REPRESENTATION_CONTEXT(2) 
PARAMETRIC_REPRESENTATION_CONTEXT() REPRESENTATION_CONTEXT('2D SPACE',''
  ) );
#4082 = ORIENTED_EDGE('',*,*,#4083,.F.);
#4083 = EDGE_CURVE('',#3838,#4058,#4084,.T.);
#4084 = SURFACE_CURVE('',#4085,(#4089,#4095),.PCURVE_S1.);
#4085 = LINE('',#4086,#4087);
#4086 = CARTESIAN_POINT('',(-60.75,9.,-8.886109671564));
#4087 = VECTOR('',#4088,1.);
#4088 = DIRECTION('',(1.,-0.,0.));
#4089 = PCURVE('',#2622,#4090);
#4090 = DEFINITIONAL_REPRESENTATION('',(#4091),#4094);
#4091 = B_SPLINE_CURVE_WITH_KNOTS('',1,(#4092,#4093),.UNSPECIFIED.,.F.,
  .F.,(2,2),(30.75,90.75),.PIECEWISE_BEZIER_KNOTS.);
#4092 = CARTESIAN_POINT('',(72.231646463296,0.));
#4093 = CARTESIAN_POINT('',(72.231646463296,60.));
#4094 = ( GEOMETRIC_REPRESENTATION_CONTEXT(2) 
PARAMETRIC_REPRESENTATION_CONTEXT() REPRESENTATION_CONTEXT('2D SPACE',''
  ) );
#4095 = PCURVE('',#3724,#4096);
#4096 = DEFINITIONAL_REPRESENTATION('',(#4097),#4100);
#4097 = B_SPLINE_CURVE_WITH_KNOTS('',1,(#4098,#4099),.UNSPECIFIED.,.F.,
  .F.,(2,2),(30.75,90.75),.PIECEWISE_BEZIER_KNOTS.);
#4098 = CARTESIAN_POINT('',(14.429203034233,61.5));
#4099 = CARTESIAN_POINT('',(14.429203034233,121.5));
#4100 = ( GEOMETRIC_REPRESENTATION_CONTEXT(2) 
PARAMETRIC_REPRESENTATION_CONTEXT() REPRESENTATION_CONTEXT('2D SPACE',''
  ) );
#4101 = ORIENTED_EDGE('',*,*,#3858,.T.);
#4102 = ORIENTED_EDGE('',*,*,#2607,.T.);
#4103 = ADVANCED_FACE('',(#4104),#2843,.T.);
#4104 = FACE_BOUND('',#4105,.F.);
#4105 = EDGE_LOOP('',(#4106,#4129,#4156,#4157));
#4106 = ORIENTED_EDGE('',*,*,#4107,.T.);
#4107 = EDGE_CURVE('',#2827,#4108,#4110,.T.);
#4108 = VERTEX_POINT('',#4109);
#4109 = CARTESIAN_POINT('',(-71.,24.083891048199,-19.68746553876));
#4110 = SEAM_CURVE('',#4111,(#4115,#4122),.PCURVE_S1.);
#4111 = LINE('',#4112,#4113);
#4112 = CARTESIAN_POINT('',(-71.,23.252244284928,-23.6000559417));
#4113 = VECTOR('',#4114,1.);
#4114 = DIRECTION('',(0.,0.207911690818,0.978147600734));
#4115 = PCURVE('',#2843,#4116);
#4116 = DEFINITIONAL_REPRESENTATION('',(#4117),#4121);
#4117 = LINE('',#4118,#4119);
#4118 = CARTESIAN_POINT('',(-0.,0.));
#4119 = VECTOR('',#4120,1.);
#4120 = DIRECTION('',(-0.,-1.));
#4121 = ( GEOMETRIC_REPRESENTATION_CONTEXT(2) 
PARAMETRIC_REPRESENTATION_CONTEXT() REPRESENTATION_CONTEXT('2D SPACE',''
  ) );
#4122 = PCURVE('',#2843,#4123);
#4123 = DEFINITIONAL_REPRESENTATION('',(#4124),#4128);
#4124 = LINE('',#4125,#4126);
#4125 = CARTESIAN_POINT('',(-6.28318530718,0.));
#4126 = VECTOR('',#4127,1.);
#4127 = DIRECTION('',(-0.,-1.));
#4128 = ( GEOMETRIC_REPRESENTATION_CONTEXT(2) 
PARAMETRIC_REPRESENTATION_CONTEXT() REPRESENTATION_CONTEXT('2D SPACE',''
  ) );
#4129 = ORIENTED_EDGE('',*,*,#4130,.T.);
#4130 = EDGE_CURVE('',#4108,#4108,#4131,.T.);
#4131 = SURFACE_CURVE('',#4132,(#4137,#4144),.PCURVE_S1.);
#4132 = CIRCLE('',#4133,3.5);
#4133 = AXIS2_PLACEMENT_3D('',#4134,#4135,#4136);
#4134 = CARTESIAN_POINT('',(-74.5,24.083891048199,-19.68746553876));
#4135 = DIRECTION('',(-0.,0.207911690818,0.978147600734));
#4136 = DIRECTION('',(1.,0.,0.));
#4137 = PCURVE('',#2843,#4138);
#4138 = DEFINITIONAL_REPRESENTATION('',(#4139),#4143);
#4139 = LINE('',#4140,#4141);
#4140 = CARTESIAN_POINT('',(-0.,-4.));
#4141 = VECTOR('',#4142,1.);
#4142 = DIRECTION('',(-1.,0.));
#4143 = ( GEOMETRIC_REPRESENTATION_CONTEXT(2) 
PARAMETRIC_REPRESENTATION_CONTEXT() REPRESENTATION_CONTEXT('2D SPACE',''
  ) );
#4144 = PCURVE('',#4145,#4150);
#4145 = PLANE('',#4146);
#4146 = AXIS2_PLACEMENT_3D('',#4147,#4148,#4149);
#4147 = CARTESIAN_POINT('',(-74.5,24.083891048199,-19.68746553876));
#4148 = DIRECTION('',(0.,0.207911690818,0.978147600734));
#4149 = DIRECTION('',(1.,0.,0.));
#4150 = DEFINITIONAL_REPRESENTATION('',(#4151),#4155);
#4151 = CIRCLE('',#4152,3.5);
#4152 = AXIS2_PLACEMENT_2D('',#4153,#4154);
#4153 = CARTESIAN_POINT('',(-1.42108547152E-14,0.));
#4154 = DIRECTION('',(1.,0.));
#4155 = ( GEOMETRIC_REPRESENTATION_CONTEXT(2) 
PARAMETRIC_REPRESENTATION_CONTEXT() REPRESENTATION_CONTEXT('2D SPACE',''
  ) );
#4156 = ORIENTED_EDGE('',*,*,#4107,.F.);
#4157 = ORIENTED_EDGE('',*,*,#2826,.F.);
#4158 = ADVANCED_FACE('',(#4159),#2874,.T.);
#4159 = FACE_BOUND('',#4160,.F.);
#4160 = EDGE_LOOP('',(#4161,#4184,#4211,#4212));
#4161 = ORIENTED_EDGE('',*,*,#4162,.T.);
#4162 = EDGE_CURVE('',#2858,#4163,#4165,.T.);
#4163 = VERTEX_POINT('',#4164);
#4164 = CARTESIAN_POINT('',(78.,24.083891048199,-19.68746553876));
#4165 = SEAM_CURVE('',#4166,(#4170,#4177),.PCURVE_S1.);
#4166 = LINE('',#4167,#4168);
#4167 = CARTESIAN_POINT('',(78.,23.252244284928,-23.6000559417));
#4168 = VECTOR('',#4169,1.);
#4169 = DIRECTION('',(0.,0.207911690818,0.978147600734));
#4170 = PCURVE('',#2874,#4171);
#4171 = DEFINITIONAL_REPRESENTATION('',(#4172),#4176);
#4172 = LINE('',#4173,#4174);
#4173 = CARTESIAN_POINT('',(-0.,0.));
#4174 = VECTOR('',#4175,1.);
#4175 = DIRECTION('',(-0.,-1.));
#4176 = ( GEOMETRIC_REPRESENTATION_CONTEXT(2) 
PARAMETRIC_REPRESENTATION_CONTEXT() REPRESENTATION_CONTEXT('2D SPACE',''
  ) );
#4177 = PCURVE('',#2874,#4178);
#4178 = DEFINITIONAL_REPRESENTATION('',(#4179),#4183);
#4179 = LINE('',#4180,#4181);
#4180 = CARTESIAN_POINT('',(-6.28318530718,0.));
#4181 = VECTOR('',#4182,1.);
#4182 = DIRECTION('',(-0.,-1.));
#4183 = ( GEOMETRIC_REPRESENTATION_CONTEXT(2) 
PARAMETRIC_REPRESENTATION_CONTEXT() REPRESENTATION_CONTEXT('2D SPACE',''
  ) );
#4184 = ORIENTED_EDGE('',*,*,#4185,.T.);
#4185 = EDGE_CURVE('',#4163,#4163,#4186,.T.);
#4186 = SURFACE_CURVE('',#4187,(#4192,#4199),.PCURVE_S1.);
#4187 = CIRCLE('',#4188,3.5);
#4188 = AXIS2_PLACEMENT_3D('',#4189,#4190,#4191);
#4189 = CARTESIAN_POINT('',(74.5,24.083891048199,-19.68746553876));
#4190 = DIRECTION('',(-0.,0.207911690818,0.978147600734));
#4191 = DIRECTION('',(1.,0.,0.));
#4192 = PCURVE('',#2874,#4193);
#4193 = DEFINITIONAL_REPRESENTATION('',(#4194),#4198);
#4194 = LINE('',#4195,#4196);
#4195 = CARTESIAN_POINT('',(-0.,-4.));
#4196 = VECTOR('',#4197,1.);
#4197 = DIRECTION('',(-1.,0.));
#4198 = ( GEOMETRIC_REPRESENTATION_CONTEXT(2) 
PARAMETRIC_REPRESENTATION_CONTEXT() REPRESENTATION_CONTEXT('2D SPACE',''
  ) );
#4199 = PCURVE('',#4200,#4205);
#4200 = PLANE('',#4201);
#4201 = AXIS2_PLACEMENT_3D('',#4202,#4203,#4204);
#4202 = CARTESIAN_POINT('',(74.5,24.083891048199,-19.68746553876));
#4203 = DIRECTION('',(0.,0.207911690818,0.978147600734));
#4204 = DIRECTION('',(1.,0.,0.));
#4205 = DEFINITIONAL_REPRESENTATION('',(#4206),#4210);
#4206 = CIRCLE('',#4207,3.5);
#4207 = AXIS2_PLACEMENT_2D('',#4208,#4209);
#4208 = CARTESIAN_POINT('',(1.42108547152E-14,0.));
#4209 = DIRECTION('',(1.,0.));
#4210 = ( GEOMETRIC_REPRESENTATION_CONTEXT(2) 
PARAMETRIC_REPRESENTATION_CONTEXT() REPRESENTATION_CONTEXT('2D SPACE',''
  ) );
#4211 = ORIENTED_EDGE('',*,*,#4162,.F.);
#4212 = ORIENTED_EDGE('',*,*,#2857,.F.);
#4213 = ADVANCED_FACE('',(#4214),#2905,.T.);
#4214 = FACE_BOUND('',#4215,.F.);
#4215 = EDGE_LOOP('',(#4216,#4239,#4266,#4267));
#4216 = ORIENTED_EDGE('',*,*,#4217,.T.);
#4217 = EDGE_CURVE('',#2889,#4218,#4220,.T.);
#4218 = VERTEX_POINT('',#4219);
#4219 = CARTESIAN_POINT('',(-71.,104.29199430837,-36.73622418582));
#4220 = SEAM_CURVE('',#4221,(#4225,#4232),.PCURVE_S1.);
#4221 = LINE('',#4222,#4223);
#4222 = CARTESIAN_POINT('',(-71.,103.4603475451,-40.64881458875));
#4223 = VECTOR('',#4224,1.);
#4224 = DIRECTION('',(0.,0.207911690818,0.978147600734));
#4225 = PCURVE('',#2905,#4226);
#4226 = DEFINITIONAL_REPRESENTATION('',(#4227),#4231);
#4227 = LINE('',#4228,#4229);
#4228 = CARTESIAN_POINT('',(-0.,0.));
#4229 = VECTOR('',#4230,1.);
#4230 = DIRECTION('',(-0.,-1.));
#4231 = ( GEOMETRIC_REPRESENTATION_CONTEXT(2) 
PARAMETRIC_REPRESENTATION_CONTEXT() REPRESENTATION_CONTEXT('2D SPACE',''
  ) );
#4232 = PCURVE('',#2905,#4233);
#4233 = DEFINITIONAL_REPRESENTATION('',(#4234),#4238);
#4234 = LINE('',#4235,#4236);
#4235 = CARTESIAN_POINT('',(-6.28318530718,0.));
#4236 = VECTOR('',#4237,1.);
#4237 = DIRECTION('',(-0.,-1.));
#4238 = ( GEOMETRIC_REPRESENTATION_CONTEXT(2) 
PARAMETRIC_REPRESENTATION_CONTEXT() REPRESENTATION_CONTEXT('2D SPACE',''
  ) );
#4239 = ORIENTED_EDGE('',*,*,#4240,.T.);
#4240 = EDGE_CURVE('',#4218,#4218,#4241,.T.);
#4241 = SURFACE_CURVE('',#4242,(#4247,#4254),.PCURVE_S1.);
#4242 = CIRCLE('',#4243,3.5);
#4243 = AXIS2_PLACEMENT_3D('',#4244,#4245,#4246);
#4244 = CARTESIAN_POINT('',(-74.5,104.29199430837,-36.73622418582));
#4245 = DIRECTION('',(-0.,0.207911690818,0.978147600734));
#4246 = DIRECTION('',(1.,0.,0.));
#4247 = PCURVE('',#2905,#4248);
#4248 = DEFINITIONAL_REPRESENTATION('',(#4249),#4253);
#4249 = LINE('',#4250,#4251);
#4250 = CARTESIAN_POINT('',(-0.,-4.));
#4251 = VECTOR('',#4252,1.);
#4252 = DIRECTION('',(-1.,0.));
#4253 = ( GEOMETRIC_REPRESENTATION_CONTEXT(2) 
PARAMETRIC_REPRESENTATION_CONTEXT() REPRESENTATION_CONTEXT('2D SPACE',''
  ) );
#4254 = PCURVE('',#4255,#4260);
#4255 = PLANE('',#4256);
#4256 = AXIS2_PLACEMENT_3D('',#4257,#4258,#4259);
#4257 = CARTESIAN_POINT('',(-74.5,104.29199430837,-36.73622418582));
#4258 = DIRECTION('',(0.,0.207911690818,0.978147600734));
#4259 = DIRECTION('',(1.,0.,0.));
#4260 = DEFINITIONAL_REPRESENTATION('',(#4261),#4265);
#4261 = CIRCLE('',#4262,3.5);
#4262 = AXIS2_PLACEMENT_2D('',#4263,#4264);
#4263 = CARTESIAN_POINT('',(-1.42108547152E-14,0.));
#4264 = DIRECTION('',(1.,0.));
#4265 = ( GEOMETRIC_REPRESENTATION_CONTEXT(2) 
PARAMETRIC_REPRESENTATION_CONTEXT() REPRESENTATION_CONTEXT('2D SPACE',''
  ) );
#4266 = ORIENTED_EDGE('',*,*,#4217,.F.);
#4267 = ORIENTED_EDGE('',*,*,#2888,.F.);
#4268 = ADVANCED_FACE('',(#4269),#2942,.T.);
#4269 = FACE_BOUND('',#4270,.F.);
#4270 = EDGE_LOOP('',(#4271,#4294,#4321,#4322));
#4271 = ORIENTED_EDGE('',*,*,#4272,.T.);
#4272 = EDGE_CURVE('',#2926,#4273,#4275,.T.);
#4273 = VERTEX_POINT('',#4274);
#4274 = CARTESIAN_POINT('',(78.,104.29199430837,-36.73622418582));
#4275 = SEAM_CURVE('',#4276,(#4280,#4287),.PCURVE_S1.);
#4276 = LINE('',#4277,#4278);
#4277 = CARTESIAN_POINT('',(78.,103.4603475451,-40.64881458875));
#4278 = VECTOR('',#4279,1.);
#4279 = DIRECTION('',(0.,0.207911690818,0.978147600734));
#4280 = PCURVE('',#2942,#4281);
#4281 = DEFINITIONAL_REPRESENTATION('',(#4282),#4286);
#4282 = LINE('',#4283,#4284);
#4283 = CARTESIAN_POINT('',(-0.,0.));
#4284 = VECTOR('',#4285,1.);
#4285 = DIRECTION('',(-0.,-1.));
#4286 = ( GEOMETRIC_REPRESENTATION_CONTEXT(2) 
PARAMETRIC_REPRESENTATION_CONTEXT() REPRESENTATION_CONTEXT('2D SPACE',''
  ) );
#4287 = PCURVE('',#2942,#4288);
#4288 = DEFINITIONAL_REPRESENTATION('',(#4289),#4293);
#4289 = LINE('',#4290,#4291);
#4290 = CARTESIAN_POINT('',(-6.28318530718,0.));
#4291 = VECTOR('',#4292,1.);
#4292 = DIRECTION('',(-0.,-1.));
#4293 = ( GEOMETRIC_REPRESENTATION_CONTEXT(2) 
PARAMETRIC_REPRESENTATION_CONTEXT() REPRESENTATION_CONTEXT('2D SPACE',''
  ) );
#4294 = ORIENTED_EDGE('',*,*,#4295,.T.);
#4295 = EDGE_CURVE('',#4273,#4273,#4296,.T.);
#4296 = SURFACE_CURVE('',#4297,(#4302,#4309),.PCURVE_S1.);
#4297 = CIRCLE('',#4298,3.5);
#4298 = AXIS2_PLACEMENT_3D('',#4299,#4300,#4301);
#4299 = CARTESIAN_POINT('',(74.5,104.29199430837,-36.73622418582));
#4300 = DIRECTION('',(-0.,0.207911690818,0.978147600734));
#4301 = DIRECTION('',(1.,0.,0.));
#4302 = PCURVE('',#2942,#4303);
#4303 = DEFINITIONAL_REPRESENTATION('',(#4304),#4308);
#4304 = LINE('',#4305,#4306);
#4305 = CARTESIAN_POINT('',(-0.,-4.));
#4306 = VECTOR('',#4307,1.);
#4307 = DIRECTION('',(-1.,0.));
#4308 = ( GEOMETRIC_REPRESENTATION_CONTEXT(2) 
PARAMETRIC_REPRESENTATION_CONTEXT() REPRESENTATION_CONTEXT('2D SPACE',''
  ) );
#4309 = PCURVE('',#4310,#4315);
#4310 = PLANE('',#4311);
#4311 = AXIS2_PLACEMENT_3D('',#4312,#4313,#4314);
#4312 = CARTESIAN_POINT('',(74.5,104.29199430837,-36.73622418582));
#4313 = DIRECTION('',(0.,0.207911690818,0.978147600734));
#4314 = DIRECTION('',(1.,0.,0.));
#4315 = DEFINITIONAL_REPRESENTATION('',(#4316),#4320);
#4316 = CIRCLE('',#4317,3.5);
#4317 = AXIS2_PLACEMENT_2D('',#4318,#4319);
#4318 = CARTESIAN_POINT('',(1.42108547152E-14,0.));
#4319 = DIRECTION('',(1.,0.));
#4320 = ( GEOMETRIC_REPRESENTATION_CONTEXT(2) 
PARAMETRIC_REPRESENTATION_CONTEXT() REPRESENTATION_CONTEXT('2D SPACE',''
  ) );
#4321 = ORIENTED_EDGE('',*,*,#4272,.F.);
#4322 = ORIENTED_EDGE('',*,*,#2925,.F.);
#4323 = ADVANCED_FACE('',(#4324),#3724,.F.);
#4324 = FACE_BOUND('',#4325,.F.);
#4325 = EDGE_LOOP('',(#4326,#4347,#4348,#4349,#4372,#4395,#4416,#4417,
    #4440,#4463,#4484,#4485));
#4326 = ORIENTED_EDGE('',*,*,#4327,.F.);
#4327 = EDGE_CURVE('',#3817,#3684,#4328,.T.);
#4328 = SURFACE_CURVE('',#4329,(#4333,#4340),.PCURVE_S1.);
#4329 = LINE('',#4330,#4331);
#4330 = CARTESIAN_POINT('',(-91.5,6.,-23.));
#4331 = VECTOR('',#4332,1.);
#4332 = DIRECTION('',(1.,0.,0.));
#4333 = PCURVE('',#3724,#4334);
#4334 = DEFINITIONAL_REPRESENTATION('',(#4335),#4339);
#4335 = LINE('',#4336,#4337);
#4336 = CARTESIAN_POINT('',(0.,0.));
#4337 = VECTOR('',#4338,1.);
#4338 = DIRECTION('',(0.,1.));
#4339 = ( GEOMETRIC_REPRESENTATION_CONTEXT(2) 
PARAMETRIC_REPRESENTATION_CONTEXT() REPRESENTATION_CONTEXT('2D SPACE',''
  ) );
#4340 = PCURVE('',#3698,#4341);
#4341 = DEFINITIONAL_REPRESENTATION('',(#4342),#4346);
#4342 = LINE('',#4343,#4344);
#4343 = CARTESIAN_POINT('',(0.,0.));
#4344 = VECTOR('',#4345,1.);
#4345 = DIRECTION('',(1.,0.));
#4346 = ( GEOMETRIC_REPRESENTATION_CONTEXT(2) 
PARAMETRIC_REPRESENTATION_CONTEXT() REPRESENTATION_CONTEXT('2D SPACE',''
  ) );
#4347 = ORIENTED_EDGE('',*,*,#3837,.F.);
#4348 = ORIENTED_EDGE('',*,*,#4083,.T.);
#4349 = ORIENTED_EDGE('',*,*,#4350,.T.);
#4350 = EDGE_CURVE('',#4058,#4351,#4353,.T.);
#4351 = VERTEX_POINT('',#4352);
#4352 = CARTESIAN_POINT('',(-24.8,8.183072753586,-12.72945019229));
#4353 = SURFACE_CURVE('',#4354,(#4358,#4365),.PCURVE_S1.);
#4354 = LINE('',#4355,#4356);
#4355 = CARTESIAN_POINT('',(-24.8,7.091536376793,-17.86472509614));
#4356 = VECTOR('',#4357,1.);
#4357 = DIRECTION('',(0.,-0.207911690818,-0.978147600734));
#4358 = PCURVE('',#3724,#4359);
#4359 = DEFINITIONAL_REPRESENTATION('',(#4360),#4364);
#4360 = LINE('',#4361,#4362);
#4361 = CARTESIAN_POINT('',(5.25,66.7));
#4362 = VECTOR('',#4363,1.);
#4363 = DIRECTION('',(-1.,0.));
#4364 = ( GEOMETRIC_REPRESENTATION_CONTEXT(2) 
PARAMETRIC_REPRESENTATION_CONTEXT() REPRESENTATION_CONTEXT('2D SPACE',''
  ) );
#4365 = PCURVE('',#4072,#4366);
#4366 = DEFINITIONAL_REPRESENTATION('',(#4367),#4371);
#4367 = LINE('',#4368,#4369);
#4368 = CARTESIAN_POINT('',(-5.25,-1.));
#4369 = VECTOR('',#4370,1.);
#4370 = DIRECTION('',(-1.,0.));
#4371 = ( GEOMETRIC_REPRESENTATION_CONTEXT(2) 
PARAMETRIC_REPRESENTATION_CONTEXT() REPRESENTATION_CONTEXT('2D SPACE',''
  ) );
#4372 = ORIENTED_EDGE('',*,*,#4373,.T.);
#4373 = EDGE_CURVE('',#4351,#4374,#4376,.T.);
#4374 = VERTEX_POINT('',#4375);
#4375 = CARTESIAN_POINT('',(-14.8,8.183072753586,-12.72945019229));
#4376 = SURFACE_CURVE('',#4377,(#4381,#4388),.PCURVE_S1.);
#4377 = LINE('',#4378,#4379);
#4378 = CARTESIAN_POINT('',(-58.15,8.183072753586,-12.72945019229));
#4379 = VECTOR('',#4380,1.);
#4380 = DIRECTION('',(1.,0.,0.));
#4381 = PCURVE('',#3724,#4382);
#4382 = DEFINITIONAL_REPRESENTATION('',(#4383),#4387);
#4383 = LINE('',#4384,#4385);
#4384 = CARTESIAN_POINT('',(10.5,33.35));
#4385 = VECTOR('',#4386,1.);
#4386 = DIRECTION('',(0.,1.));
#4387 = ( GEOMETRIC_REPRESENTATION_CONTEXT(2) 
PARAMETRIC_REPRESENTATION_CONTEXT() REPRESENTATION_CONTEXT('2D SPACE',''
  ) );
#4388 = PCURVE('',#4046,#4389);
#4389 = DEFINITIONAL_REPRESENTATION('',(#4390),#4394);
#4390 = LINE('',#4391,#4392);
#4391 = CARTESIAN_POINT('',(-33.35,1.));
#4392 = VECTOR('',#4393,1.);
#4393 = DIRECTION('',(1.,0.));
#4394 = ( GEOMETRIC_REPRESENTATION_CONTEXT(2) 
PARAMETRIC_REPRESENTATION_CONTEXT() REPRESENTATION_CONTEXT('2D SPACE',''
  ) );
#4395 = ORIENTED_EDGE('',*,*,#4396,.F.);
#4396 = EDGE_CURVE('',#3985,#4374,#4397,.T.);
#4397 = SURFACE_CURVE('',#4398,(#4402,#4409),.PCURVE_S1.);
#4398 = LINE('',#4399,#4400);
#4399 = CARTESIAN_POINT('',(-14.8,7.091536376793,-17.86472509614));
#4400 = VECTOR('',#4401,1.);
#4401 = DIRECTION('',(0.,-0.207911690818,-0.978147600734));
#4402 = PCURVE('',#3724,#4403);
#4403 = DEFINITIONAL_REPRESENTATION('',(#4404),#4408);
#4404 = LINE('',#4405,#4406);
#4405 = CARTESIAN_POINT('',(5.25,76.7));
#4406 = VECTOR('',#4407,1.);
#4407 = DIRECTION('',(-1.,0.));
#4408 = ( GEOMETRIC_REPRESENTATION_CONTEXT(2) 
PARAMETRIC_REPRESENTATION_CONTEXT() REPRESENTATION_CONTEXT('2D SPACE',''
  ) );
#4409 = PCURVE('',#4020,#4410);
#4410 = DEFINITIONAL_REPRESENTATION('',(#4411),#4415);
#4411 = LINE('',#4412,#4413);
#4412 = CARTESIAN_POINT('',(-5.25,-1.));
#4413 = VECTOR('',#4414,1.);
#4414 = DIRECTION('',(-1.,0.));
#4415 = ( GEOMETRIC_REPRESENTATION_CONTEXT(2) 
PARAMETRIC_REPRESENTATION_CONTEXT() REPRESENTATION_CONTEXT('2D SPACE',''
  ) );
#4416 = ORIENTED_EDGE('',*,*,#3984,.T.);
#4417 = ORIENTED_EDGE('',*,*,#4418,.T.);
#4418 = EDGE_CURVE('',#3959,#4419,#4421,.T.);
#4419 = VERTEX_POINT('',#4420);
#4420 = CARTESIAN_POINT('',(11.8,7.87120521736,-14.19667159339));
#4421 = SURFACE_CURVE('',#4422,(#4426,#4433),.PCURVE_S1.);
#4422 = LINE('',#4423,#4424);
#4423 = CARTESIAN_POINT('',(11.8,6.93560260868,-18.59833579669));
#4424 = VECTOR('',#4425,1.);
#4425 = DIRECTION('',(0.,-0.207911690818,-0.978147600734));
#4426 = PCURVE('',#3724,#4427);
#4427 = DEFINITIONAL_REPRESENTATION('',(#4428),#4432);
#4428 = LINE('',#4429,#4430);
#4429 = CARTESIAN_POINT('',(4.5,103.3));
#4430 = VECTOR('',#4431,1.);
#4431 = DIRECTION('',(-1.,0.));
#4432 = ( GEOMETRIC_REPRESENTATION_CONTEXT(2) 
PARAMETRIC_REPRESENTATION_CONTEXT() REPRESENTATION_CONTEXT('2D SPACE',''
  ) );
#4433 = PCURVE('',#3973,#4434);
#4434 = DEFINITIONAL_REPRESENTATION('',(#4435),#4439);
#4435 = LINE('',#4436,#4437);
#4436 = CARTESIAN_POINT('',(-4.5,-1.));
#4437 = VECTOR('',#4438,1.);
#4438 = DIRECTION('',(-1.,0.));
#4439 = ( GEOMETRIC_REPRESENTATION_CONTEXT(2) 
PARAMETRIC_REPRESENTATION_CONTEXT() REPRESENTATION_CONTEXT('2D SPACE',''
  ) );
#4440 = ORIENTED_EDGE('',*,*,#4441,.T.);
#4441 = EDGE_CURVE('',#4419,#4442,#4444,.T.);
#4442 = VERTEX_POINT('',#4443);
#4443 = CARTESIAN_POINT('',(27.8,7.87120521736,-14.19667159339));
#4444 = SURFACE_CURVE('',#4445,(#4449,#4456),.PCURVE_S1.);
#4445 = LINE('',#4446,#4447);
#4446 = CARTESIAN_POINT('',(-39.85,7.87120521736,-14.19667159339));
#4447 = VECTOR('',#4448,1.);
#4448 = DIRECTION('',(1.,0.,0.));
#4449 = PCURVE('',#3724,#4450);
#4450 = DEFINITIONAL_REPRESENTATION('',(#4451),#4455);
#4451 = LINE('',#4452,#4453);
#4452 = CARTESIAN_POINT('',(9.,51.65));
#4453 = VECTOR('',#4454,1.);
#4454 = DIRECTION('',(0.,1.));
#4455 = ( GEOMETRIC_REPRESENTATION_CONTEXT(2) 
PARAMETRIC_REPRESENTATION_CONTEXT() REPRESENTATION_CONTEXT('2D SPACE',''
  ) );
#4456 = PCURVE('',#3947,#4457);
#4457 = DEFINITIONAL_REPRESENTATION('',(#4458),#4462);
#4458 = LINE('',#4459,#4460);
#4459 = CARTESIAN_POINT('',(-51.65,1.));
#4460 = VECTOR('',#4461,1.);
#4461 = DIRECTION('',(1.,0.));
#4462 = ( GEOMETRIC_REPRESENTATION_CONTEXT(2) 
PARAMETRIC_REPRESENTATION_CONTEXT() REPRESENTATION_CONTEXT('2D SPACE',''
  ) );
#4463 = ORIENTED_EDGE('',*,*,#4464,.F.);
#4464 = EDGE_CURVE('',#3886,#4442,#4465,.T.);
#4465 = SURFACE_CURVE('',#4466,(#4470,#4477),.PCURVE_S1.);
#4466 = LINE('',#4467,#4468);
#4467 = CARTESIAN_POINT('',(27.8,6.93560260868,-18.59833579669));
#4468 = VECTOR('',#4469,1.);
#4469 = DIRECTION('',(0.,-0.207911690818,-0.978147600734));
#4470 = PCURVE('',#3724,#4471);
#4471 = DEFINITIONAL_REPRESENTATION('',(#4472),#4476);
#4472 = LINE('',#4473,#4474);
#4473 = CARTESIAN_POINT('',(4.5,119.3));
#4474 = VECTOR('',#4475,1.);
#4475 = DIRECTION('',(-1.,0.));
#4476 = ( GEOMETRIC_REPRESENTATION_CONTEXT(2) 
PARAMETRIC_REPRESENTATION_CONTEXT() REPRESENTATION_CONTEXT('2D SPACE',''
  ) );
#4477 = PCURVE('',#3921,#4478);
#4478 = DEFINITIONAL_REPRESENTATION('',(#4479),#4483);
#4479 = LINE('',#4480,#4481);
#4480 = CARTESIAN_POINT('',(-4.5,-1.));
#4481 = VECTOR('',#4482,1.);
#4482 = DIRECTION('',(-1.,0.));
#4483 = ( GEOMETRIC_REPRESENTATION_CONTEXT(2) 
PARAMETRIC_REPRESENTATION_CONTEXT() REPRESENTATION_CONTEXT('2D SPACE',''
  ) );
#4484 = ORIENTED_EDGE('',*,*,#3885,.T.);
#4485 = ORIENTED_EDGE('',*,*,#3709,.T.);
#4486 = ADVANCED_FACE('',(#4487),#3698,.F.);
#4487 = FACE_BOUND('',#4488,.F.);
#4488 = EDGE_LOOP('',(#4489,#4490,#4491,#4492));
#4489 = ORIENTED_EDGE('',*,*,#3816,.F.);
#4490 = ORIENTED_EDGE('',*,*,#4327,.T.);
#4491 = ORIENTED_EDGE('',*,*,#3683,.T.);
#4492 = ORIENTED_EDGE('',*,*,#3786,.T.);
#4493 = ADVANCED_FACE('',(#4494),#4072,.T.);
#4494 = FACE_BOUND('',#4495,.T.);
#4495 = EDGE_LOOP('',(#4496,#4497,#4498));
#4496 = ORIENTED_EDGE('',*,*,#4057,.T.);
#4497 = ORIENTED_EDGE('',*,*,#4350,.T.);
#4498 = ORIENTED_EDGE('',*,*,#4499,.T.);
#4499 = EDGE_CURVE('',#4351,#4032,#4500,.T.);
#4500 = SURFACE_CURVE('',#4501,(#4505,#4512),.PCURVE_S1.);
#4501 = LINE('',#4502,#4503);
#4502 = CARTESIAN_POINT('',(-24.8,7.204925152853,-12.52153850147));
#4503 = VECTOR('',#4504,1.);
#4504 = DIRECTION('',(0.,0.978147600734,-0.207911690818));
#4505 = PCURVE('',#4072,#4506);
#4506 = DEFINITIONAL_REPRESENTATION('',(#4507),#4511);
#4507 = LINE('',#4508,#4509);
#4508 = CARTESIAN_POINT('',(0.,0.));
#4509 = VECTOR('',#4510,1.);
#4510 = DIRECTION('',(0.,-1.));
#4511 = ( GEOMETRIC_REPRESENTATION_CONTEXT(2) 
PARAMETRIC_REPRESENTATION_CONTEXT() REPRESENTATION_CONTEXT('2D SPACE',''
  ) );
#4512 = PCURVE('',#4046,#4513);
#4513 = DEFINITIONAL_REPRESENTATION('',(#4514),#4518);
#4514 = LINE('',#4515,#4516);
#4515 = CARTESIAN_POINT('',(0.,0.));
#4516 = VECTOR('',#4517,1.);
#4517 = DIRECTION('',(0.,1.));
#4518 = ( GEOMETRIC_REPRESENTATION_CONTEXT(2) 
PARAMETRIC_REPRESENTATION_CONTEXT() REPRESENTATION_CONTEXT('2D SPACE',''
  ) );
#4519 = ADVANCED_FACE('',(#4520),#4046,.T.);
#4520 = FACE_BOUND('',#4521,.T.);
#4521 = EDGE_LOOP('',(#4522,#4523,#4524,#4545));
#4522 = ORIENTED_EDGE('',*,*,#4499,.F.);
#4523 = ORIENTED_EDGE('',*,*,#4373,.T.);
#4524 = ORIENTED_EDGE('',*,*,#4525,.T.);
#4525 = EDGE_CURVE('',#4374,#4006,#4526,.T.);
#4526 = SURFACE_CURVE('',#4527,(#4531,#4538),.PCURVE_S1.);
#4527 = LINE('',#4528,#4529);
#4528 = CARTESIAN_POINT('',(-14.8,7.204925152853,-12.52153850147));
#4529 = VECTOR('',#4530,1.);
#4530 = DIRECTION('',(0.,0.978147600734,-0.207911690818));
#4531 = PCURVE('',#4046,#4532);
#4532 = DEFINITIONAL_REPRESENTATION('',(#4533),#4537);
#4533 = LINE('',#4534,#4535);
#4534 = CARTESIAN_POINT('',(10.,0.));
#4535 = VECTOR('',#4536,1.);
#4536 = DIRECTION('',(0.,1.));
#4537 = ( GEOMETRIC_REPRESENTATION_CONTEXT(2) 
PARAMETRIC_REPRESENTATION_CONTEXT() REPRESENTATION_CONTEXT('2D SPACE',''
  ) );
#4538 = PCURVE('',#4020,#4539);
#4539 = DEFINITIONAL_REPRESENTATION('',(#4540),#4544);
#4540 = LINE('',#4541,#4542);
#4541 = CARTESIAN_POINT('',(0.,0.));
#4542 = VECTOR('',#4543,1.);
#4543 = DIRECTION('',(0.,-1.));
#4544 = ( GEOMETRIC_REPRESENTATION_CONTEXT(2) 
PARAMETRIC_REPRESENTATION_CONTEXT() REPRESENTATION_CONTEXT('2D SPACE',''
  ) );
#4545 = ORIENTED_EDGE('',*,*,#4031,.T.);
#4546 = ADVANCED_FACE('',(#4547),#4020,.F.);
#4547 = FACE_BOUND('',#4548,.F.);
#4548 = EDGE_LOOP('',(#4549,#4550,#4551));
#4549 = ORIENTED_EDGE('',*,*,#4005,.T.);
#4550 = ORIENTED_EDGE('',*,*,#4396,.T.);
#4551 = ORIENTED_EDGE('',*,*,#4525,.T.);
#4552 = ADVANCED_FACE('',(#4553),#3973,.T.);
#4553 = FACE_BOUND('',#4554,.T.);
#4554 = EDGE_LOOP('',(#4555,#4556,#4557));
#4555 = ORIENTED_EDGE('',*,*,#3958,.T.);
#4556 = ORIENTED_EDGE('',*,*,#4418,.T.);
#4557 = ORIENTED_EDGE('',*,*,#4558,.T.);
#4558 = EDGE_CURVE('',#4419,#3933,#4559,.T.);
#4559 = SURFACE_CURVE('',#4560,(#4564,#4571),.PCURVE_S1.);
#4560 = LINE('',#4561,#4562);
#4561 = CARTESIAN_POINT('',(11.8,6.893057616626,-13.98875990257));
#4562 = VECTOR('',#4563,1.);
#4563 = DIRECTION('',(0.,0.978147600734,-0.207911690818));
#4564 = PCURVE('',#3973,#4565);
#4565 = DEFINITIONAL_REPRESENTATION('',(#4566),#4570);
#4566 = LINE('',#4567,#4568);
#4567 = CARTESIAN_POINT('',(0.,0.));
#4568 = VECTOR('',#4569,1.);
#4569 = DIRECTION('',(0.,-1.));
#4570 = ( GEOMETRIC_REPRESENTATION_CONTEXT(2) 
PARAMETRIC_REPRESENTATION_CONTEXT() REPRESENTATION_CONTEXT('2D SPACE',''
  ) );
#4571 = PCURVE('',#3947,#4572);
#4572 = DEFINITIONAL_REPRESENTATION('',(#4573),#4577);
#4573 = LINE('',#4574,#4575);
#4574 = CARTESIAN_POINT('',(0.,0.));
#4575 = VECTOR('',#4576,1.);
#4576 = DIRECTION('',(0.,1.));
#4577 = ( GEOMETRIC_REPRESENTATION_CONTEXT(2) 
PARAMETRIC_REPRESENTATION_CONTEXT() REPRESENTATION_CONTEXT('2D SPACE',''
  ) );
#4578 = ADVANCED_FACE('',(#4579),#3947,.T.);
#4579 = FACE_BOUND('',#4580,.T.);
#4580 = EDGE_LOOP('',(#4581,#4582,#4583,#4604));
#4581 = ORIENTED_EDGE('',*,*,#4558,.F.);
#4582 = ORIENTED_EDGE('',*,*,#4441,.T.);
#4583 = ORIENTED_EDGE('',*,*,#4584,.T.);
#4584 = EDGE_CURVE('',#4442,#3907,#4585,.T.);
#4585 = SURFACE_CURVE('',#4586,(#4590,#4597),.PCURVE_S1.);
#4586 = LINE('',#4587,#4588);
#4587 = CARTESIAN_POINT('',(27.8,6.893057616626,-13.98875990257));
#4588 = VECTOR('',#4589,1.);
#4589 = DIRECTION('',(0.,0.978147600734,-0.207911690818));
#4590 = PCURVE('',#3947,#4591);
#4591 = DEFINITIONAL_REPRESENTATION('',(#4592),#4596);
#4592 = LINE('',#4593,#4594);
#4593 = CARTESIAN_POINT('',(16.,0.));
#4594 = VECTOR('',#4595,1.);
#4595 = DIRECTION('',(0.,1.));
#4596 = ( GEOMETRIC_REPRESENTATION_CONTEXT(2) 
PARAMETRIC_REPRESENTATION_CONTEXT() REPRESENTATION_CONTEXT('2D SPACE',''
  ) );
#4597 = PCURVE('',#3921,#4598);
#4598 = DEFINITIONAL_REPRESENTATION('',(#4599),#4603);
#4599 = LINE('',#4600,#4601);
#4600 = CARTESIAN_POINT('',(0.,0.));
#4601 = VECTOR('',#4602,1.);
#4602 = DIRECTION('',(0.,-1.));
#4603 = ( GEOMETRIC_REPRESENTATION_CONTEXT(2) 
PARAMETRIC_REPRESENTATION_CONTEXT() REPRESENTATION_CONTEXT('2D SPACE',''
  ) );
#4604 = ORIENTED_EDGE('',*,*,#3932,.T.);
#4605 = ADVANCED_FACE('',(#4606),#3921,.F.);
#4606 = FACE_BOUND('',#4607,.F.);
#4607 = EDGE_LOOP('',(#4608,#4609,#4610));
#4608 = ORIENTED_EDGE('',*,*,#3906,.T.);
#4609 = ORIENTED_EDGE('',*,*,#4464,.T.);
#4610 = ORIENTED_EDGE('',*,*,#4584,.T.);
#4611 = ADVANCED_FACE('',(#4612,#4615),#4145,.T.);
#4612 = FACE_BOUND('',#4613,.T.);
#4613 = EDGE_LOOP('',(#4614));
#4614 = ORIENTED_EDGE('',*,*,#4130,.T.);
#4615 = FACE_BOUND('',#4616,.T.);
#4616 = EDGE_LOOP('',(#4617));
#4617 = ORIENTED_EDGE('',*,*,#4618,.F.);
#4618 = EDGE_CURVE('',#4619,#4619,#4621,.T.);
#4619 = VERTEX_POINT('',#4620);
#4620 = CARTESIAN_POINT('',(-73.2,24.083891048199,-19.68746553876));
#4621 = SURFACE_CURVE('',#4622,(#4627,#4634),.PCURVE_S1.);
#4622 = CIRCLE('',#4623,1.3);
#4623 = AXIS2_PLACEMENT_3D('',#4624,#4625,#4626);
#4624 = CARTESIAN_POINT('',(-74.5,24.083891048199,-19.68746553876));
#4625 = DIRECTION('',(-0.,0.207911690818,0.978147600734));
#4626 = DIRECTION('',(1.,0.,0.));
#4627 = PCURVE('',#4145,#4628);
#4628 = DEFINITIONAL_REPRESENTATION('',(#4629),#4633);
#4629 = CIRCLE('',#4630,1.3);
#4630 = AXIS2_PLACEMENT_2D('',#4631,#4632);
#4631 = CARTESIAN_POINT('',(-1.42108547152E-14,0.));
#4632 = DIRECTION('',(1.,0.));
#4633 = ( GEOMETRIC_REPRESENTATION_CONTEXT(2) 
PARAMETRIC_REPRESENTATION_CONTEXT() REPRESENTATION_CONTEXT('2D SPACE',''
  ) );
#4634 = PCURVE('',#4635,#4640);
#4635 = CYLINDRICAL_SURFACE('',#4636,1.3);
#4636 = AXIS2_PLACEMENT_3D('',#4637,#4638,#4639);
#4637 = CARTESIAN_POINT('',(-74.5,24.083891048199,-19.68746553876));
#4638 = DIRECTION('',(0.,0.207911690818,0.978147600734));
#4639 = DIRECTION('',(1.,0.,0.));
#4640 = DEFINITIONAL_REPRESENTATION('',(#4641),#4645);
#4641 = LINE('',#4642,#4643);
#4642 = CARTESIAN_POINT('',(0.,0.));
#4643 = VECTOR('',#4644,1.);
#4644 = DIRECTION('',(1.,0.));
#4645 = ( GEOMETRIC_REPRESENTATION_CONTEXT(2) 
PARAMETRIC_REPRESENTATION_CONTEXT() REPRESENTATION_CONTEXT('2D SPACE',''
  ) );
#4646 = ADVANCED_FACE('',(#4647,#4650),#4200,.T.);
#4647 = FACE_BOUND('',#4648,.T.);
#4648 = EDGE_LOOP('',(#4649));
#4649 = ORIENTED_EDGE('',*,*,#4185,.T.);
#4650 = FACE_BOUND('',#4651,.T.);
#4651 = EDGE_LOOP('',(#4652));
#4652 = ORIENTED_EDGE('',*,*,#4653,.F.);
#4653 = EDGE_CURVE('',#4654,#4654,#4656,.T.);
#4654 = VERTEX_POINT('',#4655);
#4655 = CARTESIAN_POINT('',(75.8,24.083891048199,-19.68746553876));
#4656 = SURFACE_CURVE('',#4657,(#4662,#4669),.PCURVE_S1.);
#4657 = CIRCLE('',#4658,1.3);
#4658 = AXIS2_PLACEMENT_3D('',#4659,#4660,#4661);
#4659 = CARTESIAN_POINT('',(74.5,24.083891048199,-19.68746553876));
#4660 = DIRECTION('',(-0.,0.207911690818,0.978147600734));
#4661 = DIRECTION('',(1.,0.,0.));
#4662 = PCURVE('',#4200,#4663);
#4663 = DEFINITIONAL_REPRESENTATION('',(#4664),#4668);
#4664 = CIRCLE('',#4665,1.3);
#4665 = AXIS2_PLACEMENT_2D('',#4666,#4667);
#4666 = CARTESIAN_POINT('',(1.42108547152E-14,0.));
#4667 = DIRECTION('',(1.,0.));
#4668 = ( GEOMETRIC_REPRESENTATION_CONTEXT(2) 
PARAMETRIC_REPRESENTATION_CONTEXT() REPRESENTATION_CONTEXT('2D SPACE',''
  ) );
#4669 = PCURVE('',#4670,#4675);
#4670 = CYLINDRICAL_SURFACE('',#4671,1.3);
#4671 = AXIS2_PLACEMENT_3D('',#4672,#4673,#4674);
#4672 = CARTESIAN_POINT('',(74.5,24.083891048199,-19.68746553876));
#4673 = DIRECTION('',(0.,0.207911690818,0.978147600734));
#4674 = DIRECTION('',(1.,0.,0.));
#4675 = DEFINITIONAL_REPRESENTATION('',(#4676),#4680);
#4676 = LINE('',#4677,#4678);
#4677 = CARTESIAN_POINT('',(0.,0.));
#4678 = VECTOR('',#4679,1.);
#4679 = DIRECTION('',(1.,0.));
#4680 = ( GEOMETRIC_REPRESENTATION_CONTEXT(2) 
PARAMETRIC_REPRESENTATION_CONTEXT() REPRESENTATION_CONTEXT('2D SPACE',''
  ) );
#4681 = ADVANCED_FACE('',(#4682,#4685),#4255,.T.);
#4682 = FACE_BOUND('',#4683,.T.);
#4683 = EDGE_LOOP('',(#4684));
#4684 = ORIENTED_EDGE('',*,*,#4240,.T.);
#4685 = FACE_BOUND('',#4686,.T.);
#4686 = EDGE_LOOP('',(#4687));
#4687 = ORIENTED_EDGE('',*,*,#4688,.F.);
#4688 = EDGE_CURVE('',#4689,#4689,#4691,.T.);
#4689 = VERTEX_POINT('',#4690);
#4690 = CARTESIAN_POINT('',(-73.2,104.29199430837,-36.73622418582));
#4691 = SURFACE_CURVE('',#4692,(#4697,#4704),.PCURVE_S1.);
#4692 = CIRCLE('',#4693,1.3);
#4693 = AXIS2_PLACEMENT_3D('',#4694,#4695,#4696);
#4694 = CARTESIAN_POINT('',(-74.5,104.29199430837,-36.73622418582));
#4695 = DIRECTION('',(-0.,0.207911690818,0.978147600734));
#4696 = DIRECTION('',(1.,0.,0.));
#4697 = PCURVE('',#4255,#4698);
#4698 = DEFINITIONAL_REPRESENTATION('',(#4699),#4703);
#4699 = CIRCLE('',#4700,1.3);
#4700 = AXIS2_PLACEMENT_2D('',#4701,#4702);
#4701 = CARTESIAN_POINT('',(-1.42108547152E-14,0.));
#4702 = DIRECTION('',(1.,0.));
#4703 = ( GEOMETRIC_REPRESENTATION_CONTEXT(2) 
PARAMETRIC_REPRESENTATION_CONTEXT() REPRESENTATION_CONTEXT('2D SPACE',''
  ) );
#4704 = PCURVE('',#4705,#4710);
#4705 = CYLINDRICAL_SURFACE('',#4706,1.3);
#4706 = AXIS2_PLACEMENT_3D('',#4707,#4708,#4709);
#4707 = CARTESIAN_POINT('',(-74.5,104.29199430837,-36.73622418582));
#4708 = DIRECTION('',(0.,0.207911690818,0.978147600734));
#4709 = DIRECTION('',(1.,0.,0.));
#4710 = DEFINITIONAL_REPRESENTATION('',(#4711),#4715);
#4711 = LINE('',#4712,#4713);
#4712 = CARTESIAN_POINT('',(0.,0.));
#4713 = VECTOR('',#4714,1.);
#4714 = DIRECTION('',(1.,0.));
#4715 = ( GEOMETRIC_REPRESENTATION_CONTEXT(2) 
PARAMETRIC_REPRESENTATION_CONTEXT() REPRESENTATION_CONTEXT('2D SPACE',''
  ) );
#4716 = ADVANCED_FACE('',(#4717,#4720),#4310,.T.);
#4717 = FACE_BOUND('',#4718,.T.);
#4718 = EDGE_LOOP('',(#4719));
#4719 = ORIENTED_EDGE('',*,*,#4295,.T.);
#4720 = FACE_BOUND('',#4721,.T.);
#4721 = EDGE_LOOP('',(#4722));
#4722 = ORIENTED_EDGE('',*,*,#4723,.F.);
#4723 = EDGE_CURVE('',#4724,#4724,#4726,.T.);
#4724 = VERTEX_POINT('',#4725);
#4725 = CARTESIAN_POINT('',(75.8,104.29199430837,-36.73622418582));
#4726 = SURFACE_CURVE('',#4727,(#4732,#4739),.PCURVE_S1.);
#4727 = CIRCLE('',#4728,1.3);
#4728 = AXIS2_PLACEMENT_3D('',#4729,#4730,#4731);
#4729 = CARTESIAN_POINT('',(74.5,104.29199430837,-36.73622418582));
#4730 = DIRECTION('',(-0.,0.207911690818,0.978147600734));
#4731 = DIRECTION('',(1.,0.,0.));
#4732 = PCURVE('',#4310,#4733);
#4733 = DEFINITIONAL_REPRESENTATION('',(#4734),#4738);
#4734 = CIRCLE('',#4735,1.3);
#4735 = AXIS2_PLACEMENT_2D('',#4736,#4737);
#4736 = CARTESIAN_POINT('',(1.42108547152E-14,0.));
#4737 = DIRECTION('',(1.,0.));
#4738 = ( GEOMETRIC_REPRESENTATION_CONTEXT(2) 
PARAMETRIC_REPRESENTATION_CONTEXT() REPRESENTATION_CONTEXT('2D SPACE',''
  ) );
#4739 = PCURVE('',#4740,#4745);
#4740 = CYLINDRICAL_SURFACE('',#4741,1.3);
#4741 = AXIS2_PLACEMENT_3D('',#4742,#4743,#4744);
#4742 = CARTESIAN_POINT('',(74.5,104.29199430837,-36.73622418582));
#4743 = DIRECTION('',(0.,0.207911690818,0.978147600734));
#4744 = DIRECTION('',(1.,0.,0.));
#4745 = DEFINITIONAL_REPRESENTATION('',(#4746),#4750);
#4746 = LINE('',#4747,#4748);
#4747 = CARTESIAN_POINT('',(0.,0.));
#4748 = VECTOR('',#4749,1.);
#4749 = DIRECTION('',(1.,0.));
#4750 = ( GEOMETRIC_REPRESENTATION_CONTEXT(2) 
PARAMETRIC_REPRESENTATION_CONTEXT() REPRESENTATION_CONTEXT('2D SPACE',''
  ) );
#4751 = ADVANCED_FACE('',(#4752),#4635,.F.);
#4752 = FACE_BOUND('',#4753,.F.);
#4753 = EDGE_LOOP('',(#4754,#4777,#4804,#4805));
#4754 = ORIENTED_EDGE('',*,*,#4755,.T.);
#4755 = EDGE_CURVE('',#4619,#4756,#4758,.T.);
#4756 = VERTEX_POINT('',#4757);
#4757 = CARTESIAN_POINT('',(-73.2,22.836420903292,-25.55635114316));
#4758 = SEAM_CURVE('',#4759,(#4763,#4770),.PCURVE_S1.);
#4759 = LINE('',#4760,#4761);
#4760 = CARTESIAN_POINT('',(-73.2,24.083891048199,-19.68746553876));
#4761 = VECTOR('',#4762,1.);
#4762 = DIRECTION('',(-0.,-0.207911690818,-0.978147600734));
#4763 = PCURVE('',#4635,#4764);
#4764 = DEFINITIONAL_REPRESENTATION('',(#4765),#4769);
#4765 = LINE('',#4766,#4767);
#4766 = CARTESIAN_POINT('',(0.,0.));
#4767 = VECTOR('',#4768,1.);
#4768 = DIRECTION('',(0.,-1.));
#4769 = ( GEOMETRIC_REPRESENTATION_CONTEXT(2) 
PARAMETRIC_REPRESENTATION_CONTEXT() REPRESENTATION_CONTEXT('2D SPACE',''
  ) );
#4770 = PCURVE('',#4635,#4771);
#4771 = DEFINITIONAL_REPRESENTATION('',(#4772),#4776);
#4772 = LINE('',#4773,#4774);
#4773 = CARTESIAN_POINT('',(6.28318530718,0.));
#4774 = VECTOR('',#4775,1.);
#4775 = DIRECTION('',(0.,-1.));
#4776 = ( GEOMETRIC_REPRESENTATION_CONTEXT(2) 
PARAMETRIC_REPRESENTATION_CONTEXT() REPRESENTATION_CONTEXT('2D SPACE',''
  ) );
#4777 = ORIENTED_EDGE('',*,*,#4778,.T.);
#4778 = EDGE_CURVE('',#4756,#4756,#4779,.T.);
#4779 = SURFACE_CURVE('',#4780,(#4785,#4792),.PCURVE_S1.);
#4780 = CIRCLE('',#4781,1.3);
#4781 = AXIS2_PLACEMENT_3D('',#4782,#4783,#4784);
#4782 = CARTESIAN_POINT('',(-74.5,22.836420903292,-25.55635114316));
#4783 = DIRECTION('',(-0.,0.207911690818,0.978147600734));
#4784 = DIRECTION('',(1.,0.,0.));
#4785 = PCURVE('',#4635,#4786);
#4786 = DEFINITIONAL_REPRESENTATION('',(#4787),#4791);
#4787 = LINE('',#4788,#4789);
#4788 = CARTESIAN_POINT('',(0.,-6.));
#4789 = VECTOR('',#4790,1.);
#4790 = DIRECTION('',(1.,0.));
#4791 = ( GEOMETRIC_REPRESENTATION_CONTEXT(2) 
PARAMETRIC_REPRESENTATION_CONTEXT() REPRESENTATION_CONTEXT('2D SPACE',''
  ) );
#4792 = PCURVE('',#4793,#4798);
#4793 = PLANE('',#4794);
#4794 = AXIS2_PLACEMENT_3D('',#4795,#4796,#4797);
#4795 = CARTESIAN_POINT('',(-74.5,22.836420903292,-25.55635114316));
#4796 = DIRECTION('',(0.,0.207911690818,0.978147600734));
#4797 = DIRECTION('',(1.,0.,0.));
#4798 = DEFINITIONAL_REPRESENTATION('',(#4799),#4803);
#4799 = CIRCLE('',#4800,1.3);
#4800 = AXIS2_PLACEMENT_2D('',#4801,#4802);
#4801 = CARTESIAN_POINT('',(0.,0.));
#4802 = DIRECTION('',(1.,0.));
#4803 = ( GEOMETRIC_REPRESENTATION_CONTEXT(2) 
PARAMETRIC_REPRESENTATION_CONTEXT() REPRESENTATION_CONTEXT('2D SPACE',''
  ) );
#4804 = ORIENTED_EDGE('',*,*,#4755,.F.);
#4805 = ORIENTED_EDGE('',*,*,#4618,.F.);
#4806 = ADVANCED_FACE('',(#4807),#4670,.F.);
#4807 = FACE_BOUND('',#4808,.F.);
#4808 = EDGE_LOOP('',(#4809,#4832,#4859,#4860));
#4809 = ORIENTED_EDGE('',*,*,#4810,.T.);
#4810 = EDGE_CURVE('',#4654,#4811,#4813,.T.);
#4811 = VERTEX_POINT('',#4812);
#4812 = CARTESIAN_POINT('',(75.8,22.836420903292,-25.55635114316));
#4813 = SEAM_CURVE('',#4814,(#4818,#4825),.PCURVE_S1.);
#4814 = LINE('',#4815,#4816);
#4815 = CARTESIAN_POINT('',(75.8,24.083891048199,-19.68746553876));
#4816 = VECTOR('',#4817,1.);
#4817 = DIRECTION('',(-0.,-0.207911690818,-0.978147600734));
#4818 = PCURVE('',#4670,#4819);
#4819 = DEFINITIONAL_REPRESENTATION('',(#4820),#4824);
#4820 = LINE('',#4821,#4822);
#4821 = CARTESIAN_POINT('',(0.,0.));
#4822 = VECTOR('',#4823,1.);
#4823 = DIRECTION('',(0.,-1.));
#4824 = ( GEOMETRIC_REPRESENTATION_CONTEXT(2) 
PARAMETRIC_REPRESENTATION_CONTEXT() REPRESENTATION_CONTEXT('2D SPACE',''
  ) );
#4825 = PCURVE('',#4670,#4826);
#4826 = DEFINITIONAL_REPRESENTATION('',(#4827),#4831);
#4827 = LINE('',#4828,#4829);
#4828 = CARTESIAN_POINT('',(6.28318530718,0.));
#4829 = VECTOR('',#4830,1.);
#4830 = DIRECTION('',(0.,-1.));
#4831 = ( GEOMETRIC_REPRESENTATION_CONTEXT(2) 
PARAMETRIC_REPRESENTATION_CONTEXT() REPRESENTATION_CONTEXT('2D SPACE',''
  ) );
#4832 = ORIENTED_EDGE('',*,*,#4833,.T.);
#4833 = EDGE_CURVE('',#4811,#4811,#4834,.T.);
#4834 = SURFACE_CURVE('',#4835,(#4840,#4847),.PCURVE_S1.);
#4835 = CIRCLE('',#4836,1.3);
#4836 = AXIS2_PLACEMENT_3D('',#4837,#4838,#4839);
#4837 = CARTESIAN_POINT('',(74.5,22.836420903292,-25.55635114316));
#4838 = DIRECTION('',(-0.,0.207911690818,0.978147600734));
#4839 = DIRECTION('',(1.,0.,0.));
#4840 = PCURVE('',#4670,#4841);
#4841 = DEFINITIONAL_REPRESENTATION('',(#4842),#4846);
#4842 = LINE('',#4843,#4844);
#4843 = CARTESIAN_POINT('',(0.,-6.));
#4844 = VECTOR('',#4845,1.);
#4845 = DIRECTION('',(1.,0.));
#4846 = ( GEOMETRIC_REPRESENTATION_CONTEXT(2) 
PARAMETRIC_REPRESENTATION_CONTEXT() REPRESENTATION_CONTEXT('2D SPACE',''
  ) );
#4847 = PCURVE('',#4848,#4853);
#4848 = PLANE('',#4849);
#4849 = AXIS2_PLACEMENT_3D('',#4850,#4851,#4852);
#4850 = CARTESIAN_POINT('',(74.5,22.836420903292,-25.55635114316));
#4851 = DIRECTION('',(0.,0.207911690818,0.978147600734));
#4852 = DIRECTION('',(1.,0.,0.));
#4853 = DEFINITIONAL_REPRESENTATION('',(#4854),#4858);
#4854 = CIRCLE('',#4855,1.3);
#4855 = AXIS2_PLACEMENT_2D('',#4856,#4857);
#4856 = CARTESIAN_POINT('',(0.,0.));
#4857 = DIRECTION('',(1.,0.));
#4858 = ( GEOMETRIC_REPRESENTATION_CONTEXT(2) 
PARAMETRIC_REPRESENTATION_CONTEXT() REPRESENTATION_CONTEXT('2D SPACE',''
  ) );
#4859 = ORIENTED_EDGE('',*,*,#4810,.F.);
#4860 = ORIENTED_EDGE('',*,*,#4653,.F.);
#4861 = ADVANCED_FACE('',(#4862),#4705,.F.);
#4862 = FACE_BOUND('',#4863,.F.);
#4863 = EDGE_LOOP('',(#4864,#4887,#4914,#4915));
#4864 = ORIENTED_EDGE('',*,*,#4865,.T.);
#4865 = EDGE_CURVE('',#4689,#4866,#4868,.T.);
#4866 = VERTEX_POINT('',#4867);
#4867 = CARTESIAN_POINT('',(-73.2,103.04452416346,-42.60510979022));
#4868 = SEAM_CURVE('',#4869,(#4873,#4880),.PCURVE_S1.);
#4869 = LINE('',#4870,#4871);
#4870 = CARTESIAN_POINT('',(-73.2,104.29199430837,-36.73622418582));
#4871 = VECTOR('',#4872,1.);
#4872 = DIRECTION('',(-0.,-0.207911690818,-0.978147600734));
#4873 = PCURVE('',#4705,#4874);
#4874 = DEFINITIONAL_REPRESENTATION('',(#4875),#4879);
#4875 = LINE('',#4876,#4877);
#4876 = CARTESIAN_POINT('',(0.,0.));
#4877 = VECTOR('',#4878,1.);
#4878 = DIRECTION('',(0.,-1.));
#4879 = ( GEOMETRIC_REPRESENTATION_CONTEXT(2) 
PARAMETRIC_REPRESENTATION_CONTEXT() REPRESENTATION_CONTEXT('2D SPACE',''
  ) );
#4880 = PCURVE('',#4705,#4881);
#4881 = DEFINITIONAL_REPRESENTATION('',(#4882),#4886);
#4882 = LINE('',#4883,#4884);
#4883 = CARTESIAN_POINT('',(6.28318530718,0.));
#4884 = VECTOR('',#4885,1.);
#4885 = DIRECTION('',(0.,-1.));
#4886 = ( GEOMETRIC_REPRESENTATION_CONTEXT(2) 
PARAMETRIC_REPRESENTATION_CONTEXT() REPRESENTATION_CONTEXT('2D SPACE',''
  ) );
#4887 = ORIENTED_EDGE('',*,*,#4888,.T.);
#4888 = EDGE_CURVE('',#4866,#4866,#4889,.T.);
#4889 = SURFACE_CURVE('',#4890,(#4895,#4902),.PCURVE_S1.);
#4890 = CIRCLE('',#4891,1.3);
#4891 = AXIS2_PLACEMENT_3D('',#4892,#4893,#4894);
#4892 = CARTESIAN_POINT('',(-74.5,103.04452416346,-42.60510979022));
#4893 = DIRECTION('',(-0.,0.207911690818,0.978147600734));
#4894 = DIRECTION('',(1.,0.,0.));
#4895 = PCURVE('',#4705,#4896);
#4896 = DEFINITIONAL_REPRESENTATION('',(#4897),#4901);
#4897 = LINE('',#4898,#4899);
#4898 = CARTESIAN_POINT('',(0.,-6.));
#4899 = VECTOR('',#4900,1.);
#4900 = DIRECTION('',(1.,0.));
#4901 = ( GEOMETRIC_REPRESENTATION_CONTEXT(2) 
PARAMETRIC_REPRESENTATION_CONTEXT() REPRESENTATION_CONTEXT('2D SPACE',''
  ) );
#4902 = PCURVE('',#4903,#4908);
#4903 = PLANE('',#4904);
#4904 = AXIS2_PLACEMENT_3D('',#4905,#4906,#4907);
#4905 = CARTESIAN_POINT('',(-74.5,103.04452416346,-42.60510979022));
#4906 = DIRECTION('',(0.,0.207911690818,0.978147600734));
#4907 = DIRECTION('',(1.,0.,0.));
#4908 = DEFINITIONAL_REPRESENTATION('',(#4909),#4913);
#4909 = CIRCLE('',#4910,1.3);
#4910 = AXIS2_PLACEMENT_2D('',#4911,#4912);
#4911 = CARTESIAN_POINT('',(0.,0.));
#4912 = DIRECTION('',(1.,0.));
#4913 = ( GEOMETRIC_REPRESENTATION_CONTEXT(2) 
PARAMETRIC_REPRESENTATION_CONTEXT() REPRESENTATION_CONTEXT('2D SPACE',''
  ) );
#4914 = ORIENTED_EDGE('',*,*,#4865,.F.);
#4915 = ORIENTED_EDGE('',*,*,#4688,.F.);
#4916 = ADVANCED_FACE('',(#4917),#4740,.F.);
#4917 = FACE_BOUND('',#4918,.F.);
#4918 = EDGE_LOOP('',(#4919,#4942,#4969,#4970));
#4919 = ORIENTED_EDGE('',*,*,#4920,.T.);
#4920 = EDGE_CURVE('',#4724,#4921,#4923,.T.);
#4921 = VERTEX_POINT('',#4922);
#4922 = CARTESIAN_POINT('',(75.8,103.04452416346,-42.60510979022));
#4923 = SEAM_CURVE('',#4924,(#4928,#4935),.PCURVE_S1.);
#4924 = LINE('',#4925,#4926);
#4925 = CARTESIAN_POINT('',(75.8,104.29199430837,-36.73622418582));
#4926 = VECTOR('',#4927,1.);
#4927 = DIRECTION('',(-0.,-0.207911690818,-0.978147600734));
#4928 = PCURVE('',#4740,#4929);
#4929 = DEFINITIONAL_REPRESENTATION('',(#4930),#4934);
#4930 = LINE('',#4931,#4932);
#4931 = CARTESIAN_POINT('',(0.,0.));
#4932 = VECTOR('',#4933,1.);
#4933 = DIRECTION('',(0.,-1.));
#4934 = ( GEOMETRIC_REPRESENTATION_CONTEXT(2) 
PARAMETRIC_REPRESENTATION_CONTEXT() REPRESENTATION_CONTEXT('2D SPACE',''
  ) );
#4935 = PCURVE('',#4740,#4936);
#4936 = DEFINITIONAL_REPRESENTATION('',(#4937),#4941);
#4937 = LINE('',#4938,#4939);
#4938 = CARTESIAN_POINT('',(6.28318530718,0.));
#4939 = VECTOR('',#4940,1.);
#4940 = DIRECTION('',(0.,-1.));
#4941 = ( GEOMETRIC_REPRESENTATION_CONTEXT(2) 
PARAMETRIC_REPRESENTATION_CONTEXT() REPRESENTATION_CONTEXT('2D SPACE',''
  ) );
#4942 = ORIENTED_EDGE('',*,*,#4943,.T.);
#4943 = EDGE_CURVE('',#4921,#4921,#4944,.T.);
#4944 = SURFACE_CURVE('',#4945,(#4950,#4957),.PCURVE_S1.);
#4945 = CIRCLE('',#4946,1.3);
#4946 = AXIS2_PLACEMENT_3D('',#4947,#4948,#4949);
#4947 = CARTESIAN_POINT('',(74.5,103.04452416346,-42.60510979022));
#4948 = DIRECTION('',(-0.,0.207911690818,0.978147600734));
#4949 = DIRECTION('',(1.,0.,0.));
#4950 = PCURVE('',#4740,#4951);
#4951 = DEFINITIONAL_REPRESENTATION('',(#4952),#4956);
#4952 = LINE('',#4953,#4954);
#4953 = CARTESIAN_POINT('',(0.,-6.));
#4954 = VECTOR('',#4955,1.);
#4955 = DIRECTION('',(1.,0.));
#4956 = ( GEOMETRIC_REPRESENTATION_CONTEXT(2) 
PARAMETRIC_REPRESENTATION_CONTEXT() REPRESENTATION_CONTEXT('2D SPACE',''
  ) );
#4957 = PCURVE('',#4958,#4963);
#4958 = PLANE('',#4959);
#4959 = AXIS2_PLACEMENT_3D('',#4960,#4961,#4962);
#4960 = CARTESIAN_POINT('',(74.5,103.04452416346,-42.60510979022));
#4961 = DIRECTION('',(0.,0.207911690818,0.978147600734));
#4962 = DIRECTION('',(1.,0.,0.));
#4963 = DEFINITIONAL_REPRESENTATION('',(#4964),#4968);
#4964 = CIRCLE('',#4965,1.3);
#4965 = AXIS2_PLACEMENT_2D('',#4966,#4967);
#4966 = CARTESIAN_POINT('',(0.,0.));
#4967 = DIRECTION('',(1.,0.));
#4968 = ( GEOMETRIC_REPRESENTATION_CONTEXT(2) 
PARAMETRIC_REPRESENTATION_CONTEXT() REPRESENTATION_CONTEXT('2D SPACE',''
  ) );
#4969 = ORIENTED_EDGE('',*,*,#4920,.F.);
#4970 = ORIENTED_EDGE('',*,*,#4723,.F.);
#4971 = ADVANCED_FACE('',(#4972),#4793,.T.);
#4972 = FACE_BOUND('',#4973,.T.);
#4973 = EDGE_LOOP('',(#4974));
#4974 = ORIENTED_EDGE('',*,*,#4778,.T.);
#4975 = ADVANCED_FACE('',(#4976),#4848,.T.);
#4976 = FACE_BOUND('',#4977,.T.);
#4977 = EDGE_LOOP('',(#4978));
#4978 = ORIENTED_EDGE('',*,*,#4833,.T.);
#4979 = ADVANCED_FACE('',(#4980),#4903,.T.);
#4980 = FACE_BOUND('',#4981,.T.);
#4981 = EDGE_LOOP('',(#4982));
#4982 = ORIENTED_EDGE('',*,*,#4888,.T.);
#4983 = ADVANCED_FACE('',(#4984),#4958,.T.);
#4984 = FACE_BOUND('',#4985,.T.);
#4985 = EDGE_LOOP('',(#4986));
#4986 = ORIENTED_EDGE('',*,*,#4943,.T.);
#4987 = ( GEOMETRIC_REPRESENTATION_CONTEXT(3) 
GLOBAL_UNCERTAINTY_ASSIGNED_CONTEXT((#4991)) 
GLOBAL_UNIT_ASSIGNED_CONTEXT((#4988,#4989,#4990)) REPRESENTATION_CONTEXT
('Context #1','3D Context with UNIT and UNCERTAINTY') );
#4988 = ( LENGTH_UNIT() NAMED_UNIT(*) SI_UNIT(.MILLI.,.METRE.) );
#4989 = ( NAMED_UNIT(*) PLANE_ANGLE_UNIT() SI_UNIT($,.RADIAN.) );
#4990 = ( NAMED_UNIT(*) SI_UNIT($,.STERADIAN.) SOLID_ANGLE_UNIT() );
#4991 = UNCERTAINTY_MEASURE_WITH_UNIT(LENGTH_MEASURE(1.E-07),#4988,
  'distance_accuracy_value','confusion accuracy');
#4992 = PRODUCT_RELATED_PRODUCT_CATEGORY('part',$,(#7));
ENDSEC;
END-ISO-10303-21;
